time,latitude,longitude,depth,mag,magType,nst,gap,dmin,rms,net,id,updated,place,type,horizontalError,depthError,magError,magNst,status,locationSource,magSource
2018-06-26T01:40:29.390Z,19.3943329,-155.2720032,1.21,2.89,md,19,55,0.001859,0.15,hv,hv70321261,2018-06-26T01:43:21.790Z,"5km SW of Volcano, Hawaii",earthquake,0.21,0.2,1.12,4,automatic,hv,hv
2018-06-26T01:38:00.170Z,19.4196663,-155.2573395,1.63,2.49,ml,16,127,0.004774,0.25,hv,hv70321246,2018-06-26T01:43:41.810Z,"2km WSW of Volcano, Hawaii",earthquake,0.42,0.47,0.39,10,automatic,hv,hv
2018-06-26T01:37:05.700Z,19.441,-155.2386627,-0.17,2.55,ml,7,276,0.02759,0.26,hv,hv70321241,2018-06-26T01:42:48.500Z,"1km N of Volcano, Hawaii",earthquake,2.02,1.71,0.39,10,automatic,hv,hv
2018-06-26T01:34:37.130Z,19.4134998,-155.2863312,0.27,2.48,ml,27,39,0.004646,0.17,hv,hv70321231,2018-06-26T01:40:19.970Z,"5km WSW of Volcano, Hawaii",earthquake,0.2,0.14,0.35,15,automatic,hv,hv
2018-06-26T01:30:10.870Z,19.4106674,-155.279007,0.56,2.49,ml,30,31,0.008455,0.21,hv,hv70321206,2018-06-26T01:35:49.530Z,"4km WSW of Volcano, Hawaii",earthquake,0.24,0.14,0.31,20,automatic,hv,hv
2018-06-26T01:24:22.800Z,19.4016666,-155.2656708,0.15,2.63,ml,16,92,0.003424,0.09,hv,hv70321196,2018-06-26T01:30:48.240Z,"4km SW of Volcano, Hawaii",earthquake,0.19,0.21,0.49,19,automatic,hv,hv
2018-06-26T01:19:57.730Z,19.4293327,-155.2801666,0.88,2.79,ml,15,60,0.005162,0.17,hv,hv70321176,2018-06-26T01:25:53.160Z,"4km W of Volcano, Hawaii",earthquake,0.46,0.26,0.23,11,automatic,hv,hv
2018-06-26T01:12:34.110Z,19.3941669,-155.2696686,0.08,3.17,ml,38,50,0.003937,0.21,hv,hv70321156,2018-06-26T01:18:26.520Z,"5km SW of Volcano, Hawaii",earthquake,0.2,0.15,1.87,28,automatic,hv,hv
2018-06-26T01:11:44.550Z,19.3980007,-155.260498,0.13,2.77,ml,33,55,0.005229,0.22,hv,hv70321151,2018-06-26T01:17:29.190Z,"4km SSW of Volcano, Hawaii",earthquake,0.25,0.22,2.15,21,automatic,hv,hv
2018-06-26T01:10:51.050Z,19.4104996,-155.2821655,0.64,2.55,ml,31,28,0.007354,0.27,hv,hv70321146,2018-06-26T01:16:37.540Z,"5km WSW of Volcano, Hawaii",earthquake,0.24,0.19,0.4,16,automatic,hv,hv
2018-06-26T01:09:14.200Z,19.4111671,-155.2788391,0.02,2.56,ml,35,32,0.008147,0.24,hv,hv70321141,2018-06-26T01:15:00.790Z,"4km WSW of Volcano, Hawaii",earthquake,0.17,0.17,1.49,20,automatic,hv,hv
2018-06-26T01:05:29.850Z,19.4373341,-155.2899933,0.07,2.99,ml,32,75,0.01631,0.35,hv,hv70321126,2018-06-26T01:11:13.040Z,"5km W of Volcano, Hawaii",earthquake,0.4,0.38,2.92,31,automatic,hv,hv
2018-06-26T01:04:23.620Z,19.4055004,-155.2623291,1.03,2.56,ml,12,87,0.006949,0.11,hv,hv70321116,2018-06-26T01:10:11.700Z,"3km SW of Volcano, Hawaii",earthquake,0.35,0.36,0.35,11,automatic,hv,hv
2018-06-26T01:04:13.300Z,19.1638336,-155.0348358,12.87,3.54,ml,27,270,0.1506,0.39,hv,hv70321121,2018-06-26T01:23:45.592Z,"35km SSW of Leilani Estates, Hawaii",earthquake,1.86,0.79,0.51,9,automatic,hv,hv
2018-06-26T01:01:59.330Z,19.4174995,-155.2936707,0.36,2.53,ml,18,93,0.004188,0.25,hv,hv70321111,2018-06-26T01:08:26.450Z,"6km WSW of Volcano, Hawaii",earthquake,0.52,0.24,0.23,4,automatic,hv,hv
2018-06-26T01:00:02.220Z,19.4223328,-155.2773285,0.42,2.68,ml,20,61,0.002426,0.26,hv,hv70321106,2018-06-26T01:06:13.270Z,"4km WSW of Volcano, Hawaii",earthquake,0.26,0.17,0.39,15,automatic,hv,hv
2018-06-26T00:59:21.000Z,19.4291668,-155.2856598,0.22,2.85,ml,16,55,0.008794,0.22,hv,hv70321101,2018-06-26T01:05:21.710Z,"5km W of Volcano, Hawaii",earthquake,0.36,0.26,0.4,12,automatic,hv,hv
2018-06-26T00:59:07.810Z,19.3946667,-155.2798309,1.4,2.47,ml,11,131,0.005883,0.09,hv,hv70321096,2018-06-26T01:05:06.630Z,"5km SW of Volcano, Hawaii",earthquake,0.65,0.46,0.47,14,automatic,hv,hv
2018-06-26T00:55:45.790Z,19.3821659,-155.3011627,0.27,2.52,ml,15,73,0.01032,0.25,hv,hv70321076,2018-06-26T01:01:35.390Z,"8km SW of Volcano, Hawaii",earthquake,0.29,0.35,0.5,14,automatic,hv,hv
2018-06-26T00:52:27.820Z,19.4200001,-155.287674,-0.04,2.53,ml,25,37,0.000237,0.31,hv,hv70321071,2018-06-26T00:58:15.730Z,"5km WSW of Volcano, Hawaii",earthquake,0.29,0.18,0.49,8,automatic,hv,hv
2018-06-26T00:51:16.780Z,19.4109993,-155.2766724,0.64,2.51,ml,24,44,0.009645,0.2,hv,hv70321066,2018-06-26T00:57:01.510Z,"4km WSW of Volcano, Hawaii",earthquake,0.19,0.19,0.26,15,automatic,hv,hv
2018-06-26T00:47:30.020Z,19.4053326,-155.2623291,-1.04,2.66,ml,31,46,0.007107,0.35,hv,hv70321061,2018-06-26T00:53:11.770Z,"3km SW of Volcano, Hawaii",earthquake,0.24,0.29,0.47,19,automatic,hv,hv
2018-06-26T00:41:58.750Z,19.3986664,-155.2641602,0.42,2.68,ml,32,55,0.001817,0.23,hv,hv70321046,2018-06-26T00:47:39.990Z,"4km SW of Volcano, Hawaii",earthquake,0.24,0.26,2.66,26,automatic,hv,hv
2018-06-26T00:41:32.450Z,19.4174995,-155.2856598,0.19,2.72,ml,19,77,0.001484,0.16,hv,hv70321041,2018-06-26T00:47:16.220Z,"5km WSW of Volcano, Hawaii",earthquake,0.23,0.13,2,24,automatic,hv,hv
2018-06-26T00:38:00.150Z,19.4106674,-155.2579956,1.03,2.52,ml,25,97,0.002269,0.2,hv,hv70321031,2018-06-26T00:43:40.360Z,"3km SW of Volcano, Hawaii",earthquake,0.29,0.19,0.35,13,automatic,hv,hv
2018-06-26T00:35:49.420Z,19.3974991,-155.2664948,0.02,2.77,ml,16,66,0.0008585,0.25,hv,hv70321026,2018-06-26T00:41:31.950Z,"4km SW of Volcano, Hawaii",earthquake,0.25,0.27,0.35,11,automatic,hv,hv
2018-06-26T00:34:45.860Z,19.4025002,-155.2786713,1.48,2.59,ml,11,191,0.01593,0.19,hv,hv70321021,2018-06-26T00:40:28.920Z,"5km SW of Volcano, Hawaii",earthquake,0.83,0.31,0.31,10,automatic,hv,hv
2018-06-26T00:31:27.860Z,19.4178333,-155.2786667,0.73,3.63,ml,18,57,0.005128,0.08,hv,hv70321016,2018-06-26T01:24:21.857Z,"4km W of Volcano, Hawaii",earthquake,0.2,0.15,0.111,9,reviewed,hv,hv
2018-06-26T00:30:01.110Z,19.4228325,-155.277832,0.37,3.51,ml,27,40,0.001932,0.22,hv,hv70321011,2018-06-26T00:48:53.397Z,"4km WSW of Volcano, Hawaii",earthquake,0.24,0.17,0.32,12,automatic,hv,hv
2018-06-26T00:28:17.430Z,19.3993333,-155.2753333,0.26,3.32,ml,25,44,0.004255,0.1,hv,hv70321006,2018-06-26T01:11:27.240Z,"5km SW of Volcano, Hawaii",earthquake,0.11,0.13,0.242,20,reviewed,hv,hv
2018-06-26T00:25:03.340Z,19.3926659,-155.2636719,0.2,3.2,ml,31,44,0.005978,0.26,hv,hv70320991,2018-06-26T00:30:49.710Z,"5km SSW of Volcano, Hawaii",earthquake,0.24,0.26,0.41,14,automatic,hv,hv
2018-06-26T00:23:49.000Z,19.3876667,-155.277832,0.71,3.25,ml,17,101,0.008621,0.19,hv,hv70320986,2018-06-26T01:02:10.856Z,"6km SW of Volcano, Hawaii",earthquake,0.29,0.33,0.61,14,automatic,hv,hv
2018-06-26T00:23:06.870Z,19.4004993,-155.2658386,1.37,3.01,ml,32,36,0.002253,0.21,hv,hv70320981,2018-06-26T00:29:01.530Z,"4km SW of Volcano, Hawaii",earthquake,0.23,0.15,0.56,18,automatic,hv,hv
2018-06-26T00:22:39.320Z,19.4220009,-155.2745056,0.73,2.66,ml,15,70,0.003995,0.22,hv,hv70320976,2018-06-26T00:28:31.260Z,"3km WSW of Volcano, Hawaii",earthquake,0.46,0.21,0.41,18,automatic,hv,hv
2018-06-26T00:19:58.420Z,19.3976669,-155.2584991,-0.04,3.03,ml,27,45,0.007134,0.2,hv,hv70320971,2018-06-26T00:26:03.660Z,"4km SSW of Volcano, Hawaii",earthquake,0.19,0.2,2.41,17,automatic,hv,hv
2018-06-26T00:17:04.920Z,19.4249992,-155.2621613,0.9,3.03,ml,13,78,0.002267,0.19,hv,hv70320966,2018-06-26T00:22:59.480Z,"2km WSW of Volcano, Hawaii",earthquake,0.42,0.22,0.24,5,automatic,hv,hv
2018-06-26T00:14:22.060Z,19.4158333,-155.2765,0.84,3.55,ml,22,47,0.007397,0.08,hv,hv70320961,2018-06-26T01:11:59.572Z,"4km WSW of Volcano, Hawaii",earthquake,0.17,0.15,0.222,12,reviewed,hv,hv
2018-06-26T00:13:15.990Z,19.4056664,-155.2896729,0.54,2.58,ml,26,57,0.009799,0.38,hv,hv70320951,2018-06-26T00:19:00.350Z,"6km WSW of Volcano, Hawaii",earthquake,0.35,0.31,0.51,16,automatic,hv,hv
2018-06-26T00:09:22.420Z,19.3983326,-155.2819977,1.72,2.54,ml,32,37,0.00842,0.24,hv,hv70320941,2018-06-26T00:20:50.020Z,"5km SW of Volcano, Hawaii",earthquake,0.27,0.25,0.39,19,automatic,hv,hv
2018-06-26T00:05:32.330Z,19.4125004,-155.2768402,1.03,2.78,ml,43,38,0.00856,0.16,hv,hv70320936,2018-06-26T00:19:35.215Z,"4km WSW of Volcano, Hawaii",earthquake,0.22,0.18,2.46,30,automatic,hv,hv
2018-06-26T00:02:16.460Z,22.2092,95.0342,21.81,4.6,mb,,122,1.395,0.46,us,us1000f1rs,2018-06-26T00:59:47.070Z,"14km NW of Monywa, Burma",earthquake,7.1,5.9,0.117,22,reviewed,us,us
2018-06-26T00:01:37.740Z,19.4278336,-155.2734985,0.92,2.94,ml,26,57,0.004919,0.24,hv,hv70320931,2018-06-26T00:37:09.471Z,"3km W of Volcano, Hawaii",earthquake,0.22,0.15,2.95,30,automatic,hv,hv
2018-06-26T00:01:21.400Z,19.3988342,-155.2774963,0.54,2.87,ml,30,40,0.005012,0.19,hv,hv70320926,2018-06-26T00:38:48.998Z,"5km SW of Volcano, Hawaii",earthquake,0.2,0.23,2.93,31,automatic,hv,hv
2018-06-25T23:58:02.640Z,19.3929996,-155.2693329,-0.08,2.58,ml,25,61,0.004701,0.22,hv,hv70320921,2018-06-26T00:04:02.060Z,"5km SW of Volcano, Hawaii",earthquake,0.18,0.25,0.45,18,automatic,hv,hv
2018-06-25T23:54:50.530Z,19.4248333,-155.2799988,1.55,2.68,ml,15,116,0.008115,0.19,hv,hv70320916,2018-06-26T00:00:48.860Z,"4km W of Volcano, Hawaii",earthquake,0.33,0.37,0.21,9,automatic,hv,hv
2018-06-25T23:54:21.700Z,19.1938324,-155.4638367,35,3.06,ml,41,104,0.03825,0.2,hv,hv70320911,2018-06-26T00:05:21.040Z,"2km SE of Pahala, Hawaii",earthquake,0.58,1.11,3.64,20,automatic,hv,hv
2018-06-25T23:53:12.300Z,19.4296665,-155.2884979,0.44,2.78,ml,14,119,0.009007,0.22,hv,hv70320906,2018-06-26T00:37:25.363Z,"5km W of Volcano, Hawaii",earthquake,1.1,0.45,0.36,4,automatic,hv,hv
2018-06-25T23:50:51.750Z,19.4003334,-155.2716675,0.39,2.98,ml,47,34,0.00528,0.34,hv,hv70320901,2018-06-26T00:36:54.561Z,"4km SW of Volcano, Hawaii",earthquake,0.28,0.24,2.89,31,automatic,hv,hv
2018-06-25T23:49:00.160Z,19.3991661,-155.2636719,0.2,2.8,ml,28,42,0.00241,0.31,hv,hv70320891,2018-06-26T00:02:02.522Z,"4km SW of Volcano, Hawaii",earthquake,0.31,0.27,0.48,16,automatic,hv,hv
2018-06-25T23:47:04.000Z,19.4214993,-155.2704926,1.67,3,ml,23,55,0.006151,0.32,hv,hv70320886,2018-06-26T00:38:34.279Z,"3km WSW of Volcano, Hawaii",earthquake,0.45,0.25,0.37,12,automatic,hv,hv
2018-06-25T23:45:08.080Z,19.3953342,-155.2801666,1.85,2.83,ml,36,44,0.006158,0.27,hv,hv70320876,2018-06-26T00:03:08.232Z,"5km SW of Volcano, Hawaii",earthquake,0.27,0.26,2.88,31,automatic,hv,hv
2018-06-25T23:44:49.700Z,19.4305,-155.2695007,1.16,2.87,ml,10,142,0.003812,0.12,hv,hv70320871,2018-06-26T00:02:53.183Z,"3km W of Volcano, Hawaii",earthquake,0.34,0.37,2.48,29,automatic,hv,hv
2018-06-25T23:42:50.370Z,19.3991661,-155.2681732,0.88,2.59,ml,24,61,0.00222,0.22,hv,hv70320866,2018-06-25T23:48:37.130Z,"4km SW of Volcano, Hawaii",earthquake,0.25,0.24,0.34,14,automatic,hv,hv
2018-06-25T23:39:47.350Z,19.3986664,-155.2641602,0.21,2.64,ml,27,86,0.001817,0.24,hv,hv70320856,2018-06-26T00:00:25.489Z,"4km SW of Volcano, Hawaii",earthquake,0.23,0.26,0.43,14,automatic,hv,hv
2018-06-25T23:37:38.370Z,19.4104996,-155.2291718,1.57,2.53,ml,21,139,0.02902,0.33,hv,hv70320846,2018-06-26T00:18:52.970Z,"2km SSE of Volcano, Hawaii",earthquake,0.55,0.91,0.31,10,automatic,hv,hv
2018-06-25T23:34:57.720Z,19.4073334,-155.2973328,0.92,2.51,ml,25,54,0.002619,0.3,hv,hv70320836,2018-06-25T23:40:46.710Z,"6km WSW of Volcano, Hawaii",earthquake,0.35,0.2,0.36,16,automatic,hv,hv
2018-06-25T23:31:54.440Z,19.3971672,-155.2723389,-0.48,2.91,ml,25,43,0.002172,0.31,hv,hv70320831,2018-06-25T23:44:19.346Z,"5km SW of Volcano, Hawaii",earthquake,0.23,0.29,0.45,15,automatic,hv,hv
2018-06-25T23:28:38.860Z,19.4151669,-155.2763367,0.26,3,ml,32,36,0.007733,0.31,hv,hv70320826,2018-06-26T00:38:18.978Z,"4km WSW of Volcano, Hawaii",earthquake,0.2,0.13,3.25,31,automatic,hv,hv
2018-06-25T23:26:54.020Z,19.4080009,-155.2761688,1.04,2.66,ml,40,32,0.01218,0.36,hv,hv70320821,2018-06-26T00:38:03.239Z,"4km WSW of Volcano, Hawaii",earthquake,0.36,0.2,2.57,27,automatic,hv,hv
2018-06-25T23:24:00.480Z,19.4116669,-155.2769928,0.47,2.68,ml,34,38,0.008974,0.17,hv,hv70320816,2018-06-25T23:38:27.730Z,"4km WSW of Volcano, Hawaii",earthquake,0.23,0.14,2.01,23,automatic,hv,hv
2018-06-25T23:10:53.090Z,19.4146671,-155.2756653,1.3,2.88,ml,14,86,0.008497,0.15,hv,hv70320781,2018-06-25T23:16:42.030Z,"4km WSW of Volcano, Hawaii",earthquake,0.51,0.25,0.26,5,automatic,hv,hv
2018-06-25T23:10:31.340Z,19.3910007,-155.2696686,-0.05,2.79,ml,26,49,0.00574,0.39,hv,hv70320776,2018-06-25T23:16:21.390Z,"5km SW of Volcano, Hawaii",earthquake,0.31,0.35,0.51,19,automatic,hv,hv
2018-06-25T23:08:06.920Z,19.4088326,-155.2769928,0.51,3.04,ml,32,31,0.01105,0.21,hv,hv70320766,2018-06-25T23:37:26.081Z,"4km WSW of Volcano, Hawaii",earthquake,0.22,0.13,2.52,28,automatic,hv,hv
2018-06-25T23:05:34.510Z,19.4063339,-155.2606659,0.38,2.56,ml,24,88,0.005771,0.2,hv,hv70320746,2018-06-25T23:11:21.520Z,"3km SW of Volcano, Hawaii",earthquake,0.18,0.18,0.42,11,automatic,hv,hv
2018-06-25T23:02:35.590Z,19.3966675,-155.2686615,0.88,3.13,ml,22,42,0.002935,0.26,hv,hv70320741,2018-06-26T00:36:07.927Z,"4km SW of Volcano, Hawaii",earthquake,0.3,0.39,0.55,18,automatic,hv,hv
2018-06-25T23:01:04.690Z,19.2110004,-155.4519958,29.01,2.86,ml,49,114,0.05612,0.31,hv,hv70320736,2018-06-25T23:39:21.721Z,"3km ENE of Pahala, Hawaii",earthquake,0.77,1.28,3.24,35,automatic,hv,hv
2018-06-25T22:58:04.250Z,19.4266663,-155.2828369,0.78,3.16,ml,15,138,0.00531,0.2,hv,hv70320726,2018-06-25T23:03:51.670Z,"4km W of Volcano, Hawaii",earthquake,0.41,0.31,1.58,12,automatic,hv,hv
2018-06-25T22:57:02.650Z,19.4178333,-155.2701721,0.59,2.98,ml,39,39,0.009492,0.3,hv,hv70320721,2018-06-25T23:16:19.223Z,"3km WSW of Volcano, Hawaii",earthquake,0.34,0.17,2.88,33,automatic,hv,hv
2018-06-25T22:55:20.310Z,19.4066658,-155.284668,1.81,2.51,md,12,128,0.01095,0.22,hv,hv70320716,2018-06-25T22:58:34.810Z,"5km WSW of Volcano, Hawaii",earthquake,0.86,0.28,0.38,4,automatic,hv,hv
2018-06-25T22:55:15.270Z,19.4043331,-155.2575073,0.66,2.57,ml,17,94,0.008031,0.16,hv,hv70320711,2018-06-25T23:36:44.128Z,"3km SW of Volcano, Hawaii",earthquake,0.27,0.2,0.51,15,automatic,hv,hv
2018-06-25T22:53:53.772Z,60.2544,-152.6126,105.4,3.1,ml,,,,0.6,ak,ak19801683,2018-06-26T00:40:55.040Z,"26km SSE of Redoubt Volcano, Alaska",earthquake,,0.3,,,automatic,ak,ak
2018-06-25T22:50:11.850Z,19.4203339,-155.2746735,1.16,2.9,ml,36,40,0.005189,0.19,hv,hv70320701,2018-06-25T22:55:57.980Z,"4km WSW of Volcano, Hawaii",earthquake,0.26,0.16,2.48,16,automatic,hv,hv
2018-06-25T22:47:25.145Z,68.0419,-151.5152,0,2.5,ml,,,,0.58,ak,ak19801670,2018-06-25T23:04:43.891Z,"14km SE of Anaktuvuk Pass, Alaska",earthquake,,0.2,,,automatic,ak,ak
2018-06-25T22:46:54.750Z,19.4165,-155.2773333,0.81,3.15,ml,26,52,0.006488,0.08,hv,hv70320696,2018-06-26T00:35:36.879Z,"4km WSW of Volcano, Hawaii",earthquake,0.14,0.1,0.208,25,reviewed,hv,hv
2018-06-25T22:43:19.160Z,19.427166,-155.2593384,0.49,2.94,ml,11,143,0.004377,0.34,hv,hv70320681,2018-06-25T22:49:04.520Z,"2km W of Volcano, Hawaii",earthquake,0.87,0.4,0.41,4,automatic,hv,hv
2018-06-25T22:40:29.290Z,19.4196663,-155.2638397,0.79,2.67,ml,18,56,0.02267,0.35,hv,hv70320676,2018-06-25T23:28:08.336Z,"3km WSW of Volcano, Hawaii",earthquake,0.7,1.29,3.36,21,automatic,hv,hv
2018-06-25T22:40:27.250Z,19.4158325,-155.2746735,0.42,2.86,ml,39,44,0.009078,0.25,hv,hv70320671,2018-06-25T22:46:13.610Z,"4km WSW of Volcano, Hawaii",earthquake,0.26,0.16,2.85,32,automatic,hv,hv
2018-06-25T22:29:31.250Z,19.4011669,-155.2631683,0.59,2.83,ml,31,56,0.003971,0.21,hv,hv70320646,2018-06-25T22:35:18.810Z,"4km SW of Volcano, Hawaii",earthquake,0.18,0.2,2.22,20,automatic,hv,hv
2018-06-25T22:28:14.330Z,19.434166,-155.2723389,1.11,2.64,ml,7,153,0.008309,0.09,hv,hv70320636,2018-06-25T22:33:59.920Z,"3km W of Volcano, Hawaii",earthquake,0.75,0.46,2.58,11,automatic,hv,hv
2018-06-25T22:26:50.070Z,19.4286671,-155.2725067,1.08,2.86,ml,8,155,0.03144,0.11,hv,hv70320631,2018-06-25T22:32:46.930Z,"3km W of Volcano, Hawaii",earthquake,0.68,1.05,0.35,13,automatic,hv,hv
2018-06-25T22:25:54.312Z,68.0265,-151.5382,13.1,3.9,ml,,,,0.44,ak,ak19801628,2018-06-25T23:55:44.040Z,"15km SSE of Anaktuvuk Pass, Alaska",earthquake,,0.2,,,reviewed,ak,ak
2018-06-25T22:25:31.890Z,19.4048328,-155.2558289,0.5,2.97,ml,23,62,0.008165,0.21,hv,hv70320626,2018-06-25T23:16:02.561Z,"3km SSW of Volcano, Hawaii",earthquake,0.26,0.3,2.99,29,automatic,hv,hv
2018-06-25T22:23:58.330Z,19.4178333,-155.2754974,0.92,2.86,ml,46,32,0.007166,0.24,hv,hv70320621,2018-06-25T22:29:42.910Z,"4km WSW of Volcano, Hawaii",earthquake,0.28,0.2,3.22,32,automatic,hv,hv
2018-06-25T22:19:30.650Z,19.4155006,-155.2523346,-1.04,2.49,ml,8,262,0.02149,0.35,hv,hv70320596,2018-06-25T23:52:41.961Z,"2km SW of Volcano, Hawaii",earthquake,0.87,1.17,0.36,13,automatic,hv,hv
2018-06-25T22:16:41.100Z,19.4008331,-155.2498322,0.54,2.71,ml,27,57,0.01531,0.36,hv,hv70320586,2018-06-25T23:55:00.593Z,"3km SSW of Volcano, Hawaii",earthquake,0.32,0.35,2.2,15,automatic,hv,hv
2018-06-25T22:11:24.980Z,19.4173336,-155.2774963,-0.16,3.1,ml,31,46,0.006238,0.37,hv,hv70320566,2018-06-25T23:09:52.413Z,"4km WSW of Volcano, Hawaii",earthquake,0.2,0.2,3.04,28,automatic,hv,hv
2018-06-25T22:09:40.690Z,19.4221668,-155.2733307,0.53,2.91,ml,25,48,0.00477,0.14,hv,hv70320561,2018-06-25T23:55:53.857Z,"3km WSW of Volcano, Hawaii",earthquake,0.17,0.11,2.52,29,automatic,hv,hv
2018-06-25T22:08:20.180Z,19.4169998,-155.2855072,0.27,2.62,ml,37,36,0.001485,0.32,hv,hv70320556,2018-06-25T23:52:26.205Z,"5km WSW of Volcano, Hawaii",earthquake,0.25,0.15,2.7,24,automatic,hv,hv
2018-06-25T22:07:16.500Z,19.3981667,-155.2693329,1.19,2.61,ml,29,51,0.003117,0.15,hv,hv70320546,2018-06-25T23:58:06.331Z,"4km SW of Volcano, Hawaii",earthquake,0.22,0.26,0.39,14,automatic,hv,hv
2018-06-25T22:07:14.690Z,19.3378334,-155.135498,3.74,2.96,ml,8,238,0.08357,0.08,hv,hv70320551,2018-06-25T22:13:08.500Z,"14km SE of Volcano, Hawaii",earthquake,2.47,12.88,0.37,14,automatic,hv,hv
2018-06-25T22:02:19.940Z,19.5109997,-155.3018341,13.53,2.58,ml,13,310,0.05641,0.32,hv,hv70320531,2018-06-25T22:08:05.290Z,"11km NW of Volcano, Hawaii",earthquake,2.43,2.48,0.36,13,automatic,hv,hv
2018-06-25T21:55:25.590Z,19.395834,-155.2709961,0.73,3.49,ml,56,37,0.002541,0.2,hv,hv70320521,2018-06-25T23:04:34.723Z,"5km SW of Volcano, Hawaii",earthquake,0.23,0.13,3.34,36,automatic,hv,hv
2018-06-25T21:53:24.390Z,19.3974991,-155.2706604,0.12,2.68,ml,23,57,0.003524,0.21,hv,hv70320511,2018-06-25T21:59:10.790Z,"5km SW of Volcano, Hawaii",earthquake,0.19,0.22,0.45,15,automatic,hv,hv
2018-06-25T21:53:00.250Z,19.421833,-155.3085022,4.81,2.5,ml,8,238,0.01956,0.13,hv,hv70320506,2018-06-25T21:58:55.270Z,"7km W of Volcano, Hawaii",earthquake,1.58,2.25,0.49,16,automatic,hv,hv
2018-06-25T21:48:30.300Z,19.4171658,-155.2913361,1.05,2.62,ml,16,54,0.00379,0.29,hv,hv70320491,2018-06-25T21:54:16.840Z,"5km WSW of Volcano, Hawaii",earthquake,0.58,0.25,0.39,14,automatic,hv,hv
2018-06-25T21:46:19.750Z,19.4076672,-155.2536621,0.02,2.94,ml,21,64,0.007331,0.31,hv,hv70320486,2018-06-25T21:52:05.640Z,"3km SSW of Volcano, Hawaii",earthquake,0.31,0.46,0.54,8,automatic,hv,hv
2018-06-25T21:44:14.990Z,19.4580002,-155.4641724,0.92,2.48,ml,8,239,0.05787,0.17,hv,hv70320476,2018-06-25T21:50:00.930Z,"23km W of Volcano, Hawaii",earthquake,3.29,7.6,4.55,9,automatic,hv,hv
2018-06-25T21:44:09.050Z,19.4168339,-155.2688293,0.25,2.99,ml,41,48,0.009671,0.29,hv,hv70320481,2018-06-25T22:45:41.040Z,"3km WSW of Volcano, Hawaii",earthquake,0.24,0.16,2.92,30,automatic,hv,hv
2018-06-25T21:42:28.050Z,19.4235001,-155.2658386,0.52,2.54,ml,13,108,0.003962,0.11,hv,hv70320471,2018-06-25T21:48:12.440Z,"3km WSW of Volcano, Hawaii",earthquake,0.23,0.18,0.34,13,automatic,hv,hv
2018-06-25T21:40:34.820Z,19.3950005,-155.2799988,0,2.74,ml,14,101,0.006011,0.33,hv,hv70320466,2018-06-25T21:46:21.260Z,"5km SW of Volcano, Hawaii",earthquake,0.33,0.43,0.42,11,automatic,hv,hv
2018-06-25T21:37:51.470Z,19.4273338,-155.264328,1.79,2.62,ml,16,213,0.003176,0.22,hv,hv70320456,2018-06-25T21:43:38.400Z,"2km W of Volcano, Hawaii",earthquake,0.84,0.38,0.3,11,automatic,hv,hv
2018-06-25T21:30:10.510Z,19.4148331,-155.2845001,1.09,2.92,ml,45,25,0.00284,0.23,hv,hv70320431,2018-06-25T21:35:56.870Z,"5km WSW of Volcano, Hawaii",earthquake,0.25,0.17,2.81,32,automatic,hv,hv
2018-06-25T21:26:53.830Z,19.4055004,-155.2628326,-0.16,2.98,ml,33,53,0.007121,0.2,hv,hv70320421,2018-06-25T21:32:42.980Z,"3km SW of Volcano, Hawaii",earthquake,0.16,0.2,2.89,31,automatic,hv,hv
2018-06-25T21:26:26.330Z,19.4241657,-155.2623291,0.63,2.93,ml,15,124,0.001726,0.19,hv,hv70320416,2018-06-25T21:32:13.590Z,"2km WSW of Volcano, Hawaii",earthquake,0.39,0.16,1.99,25,automatic,hv,hv
2018-06-25T21:24:35.480Z,19.4291668,-155.277832,-0.44,2.95,ml,24,98,0.00439,0.28,hv,hv70320411,2018-06-25T23:19:08.040Z,"28km SE of Volcano, Hawaii",earthquake,0.3,0.27,3.22,25,automatic,hv,hv
2018-06-25T21:23:53.950Z,19.3961658,-155.2776642,1.4,3.03,ml,12,141,0.003878,0.16,hv,hv70320401,2018-06-25T21:29:41.890Z,"5km SW of Volcano, Hawaii",earthquake,0.32,0.33,0.7,19,automatic,hv,hv
2018-06-25T21:16:40.510Z,19.4169998,-155.2680054,0.59,2.53,ml,26,56,0.008974,0.26,hv,hv70320381,2018-06-25T21:22:27.560Z,"3km WSW of Volcano, Hawaii",earthquake,0.23,0.26,0.39,18,automatic,hv,hv
2018-06-25T21:16:25.120Z,19.4204998,-155.2618408,0.78,2.54,ml,10,118,0.002663,0.13,hv,hv70320376,2018-06-25T21:22:13.160Z,"2km WSW of Volcano, Hawaii",earthquake,0.48,0.18,0.45,17,automatic,hv,hv
2018-06-25T21:12:17.290Z,19.4139996,-155.2753296,0.5,2.63,ml,36,41,0.009041,0.23,hv,hv70320361,2018-06-25T21:18:10.190Z,"4km WSW of Volcano, Hawaii",earthquake,0.22,0.16,0.4,20,automatic,hv,hv
2018-06-25T21:07:47.610Z,19.3969994,-155.2783356,1.41,2.67,ml,22,46,0.004717,0.15,hv,hv70320336,2018-06-25T21:13:43.460Z,"5km SW of Volcano, Hawaii",earthquake,0.2,0.18,0.3,14,automatic,hv,hv
2018-06-25T21:04:04.620Z,19.4290009,-155.306839,2.82,2.96,ml,7,193,0.01681,0.11,hv,hv70320326,2018-06-26T00:01:31.698Z,"7km W of Volcano, Hawaii",earthquake,0.88,1.11,0.38,10,automatic,hv,hv
2018-06-25T21:02:46.470Z,19.4020004,-155.2661591,0.59,2.75,ml,36,36,0.003741,0.21,hv,hv70320321,2018-06-26T00:09:14.790Z,"4km SW of Volcano, Hawaii",earthquake,0.16,0.15,2.86,30,automatic,hv,hv
2018-06-25T21:01:03.650Z,19.4216671,-155.263504,-0.38,2.57,ml,13,66,0.006672,0.23,hv,hv70320316,2018-06-26T00:10:12.336Z,"2km WSW of Volcano, Hawaii",earthquake,0.47,0.27,2.36,16,automatic,hv,hv
2018-06-25T21:01:02.300Z,19.4108334,-155.2740021,0.81,2.61,ml,30,39,0.0117,0.24,hv,hv70320311,2018-06-25T21:06:57.290Z,"4km WSW of Volcano, Hawaii",earthquake,0.3,0.17,2.74,24,automatic,hv,hv
2018-06-25T20:55:48.840Z,60.7828,-44.0023,10.91,4,mb,,128,0.787,0.85,us,us1000f1k4,2018-06-25T21:50:21.040Z,"98km NE of Nanortalik, Greenland",earthquake,5.8,4.4,0.104,25,reviewed,us,us
2018-06-25T20:54:30.910Z,19.4191666,-155.277832,0.59,2.53,ml,31,47,0.005569,0.2,hv,hv70320286,2018-06-25T21:00:20.180Z,"4km WSW of Volcano, Hawaii",earthquake,0.28,0.16,0.45,22,automatic,hv,hv
2018-06-25T20:44:35.490Z,19.3648338,-155.2310028,2.21,2.49,ml,6,117,0.01256,0.11,hv,hv70320251,2018-06-26T00:15:01.518Z,"7km S of Volcano, Hawaii",earthquake,1.56,1.19,0.38,5,automatic,hv,hv
2018-06-25T20:42:18.580Z,19.4206657,-155.2725067,1.2,2.64,ml,27,40,0.006288,0.29,hv,hv70320241,2018-06-25T20:48:07.230Z,"3km WSW of Volcano, Hawaii",earthquake,0.37,0.25,0.4,15,automatic,hv,hv
2018-06-25T20:39:46.210Z,19.3933334,-155.2709961,0.72,2.79,ml,35,43,0.003215,0.25,hv,hv70320236,2018-06-25T20:45:43.200Z,"5km SW of Volcano, Hawaii",earthquake,0.26,0.2,3.23,23,automatic,hv,hv
2018-06-25T20:39:39.440Z,19.4023342,-155.2810059,0.48,2.8,ml,29,64,0.009815,0.29,hv,hv70320231,2018-06-25T20:45:28.270Z,"5km SW of Volcano, Hawaii",earthquake,0.26,0.19,2.87,31,automatic,hv,hv
2018-06-25T20:39:25.580Z,19.4200001,-155.2733307,0.15,2.86,ml,20,39,0.006206,0.1,hv,hv70320226,2018-06-25T20:45:16.130Z,"3km WSW of Volcano, Hawaii",earthquake,0.17,0.13,2.44,30,automatic,hv,hv
2018-06-25T20:34:20.850Z,19.4165001,-155.2823334,0.59,2.47,ml,23,45,0.002026,0.2,hv,hv70320211,2018-06-25T20:40:07.490Z,"4km WSW of Volcano, Hawaii",earthquake,0.27,0.14,0.37,14,automatic,hv,hv
2018-06-25T20:33:13.170Z,19.4021664,-155.2681732,1.02,2.47,ml,26,65,0.004396,0.26,hv,hv70320201,2018-06-25T20:39:02.680Z,"4km SW of Volcano, Hawaii",earthquake,0.34,0.31,0.24,14,automatic,hv,hv
2018-06-25T20:31:35.000Z,19.3920002,-155.2666626,1.79,2.68,ml,23,75,0.006238,0.19,hv,hv70320196,2018-06-25T20:37:24.480Z,"5km SW of Volcano, Hawaii",earthquake,0.28,0.29,0.42,15,automatic,hv,hv
2018-06-25T20:30:58.840Z,19.428833,-155.3041687,-1.14,2.53,ml,7,143,0.01455,0.23,hv,hv70320191,2018-06-25T20:36:46.030Z,"6km W of Volcano, Hawaii",earthquake,0.4,1.13,0.3,10,automatic,hv,hv
2018-06-25T20:27:34.840Z,19.4109993,-155.2558289,-0.1,2.99,ml,41,47,0.003971,0.25,hv,hv70320186,2018-06-25T21:56:22.040Z,"3km SSW of Volcano, Hawaii",earthquake,0.25,0.17,3.2,33,automatic,hv,hv
2018-06-25T20:23:47.720Z,19.4155006,-155.2624969,0.41,2.59,ml,28,93,0.004201,0.26,hv,hv70320176,2018-06-25T21:16:26.738Z,"3km WSW of Volcano, Hawaii",earthquake,0.26,0.21,0.42,17,automatic,hv,hv
2018-06-25T20:18:06.780Z,19.4134998,-155.2828369,0.77,2.48,ml,42,28,0.004308,0.27,hv,hv70320161,2018-06-25T20:23:52.380Z,"5km WSW of Volcano, Hawaii",earthquake,0.22,0.16,2.53,28,automatic,hv,hv
2018-06-25T20:17:59.800Z,19.4283333,-155.2741699,1.04,2.54,ml,7,117,0.006249,0.07,hv,hv70320156,2018-06-25T21:16:10.475Z,"3km W of Volcano, Hawaii",earthquake,0.36,0.73,1.94,25,automatic,hv,hv
2018-06-25T20:17:31.490Z,19.4071674,-155.2400055,-0.33,2.5,ml,8,163,0.01938,0.16,hv,hv70320151,2018-06-25T20:23:18.290Z,"2km S of Volcano, Hawaii",earthquake,0.55,1.86,2.02,25,automatic,hv,hv
2018-06-25T20:14:56.030Z,19.4244995,-155.2651672,0.39,2.46,ml,18,124,0.003495,0.16,hv,hv70320146,2018-06-25T21:11:18.431Z,"2km WSW of Volcano, Hawaii",earthquake,0.28,0.15,0.32,13,automatic,hv,hv
2018-06-25T20:07:24.880Z,19.4275,-155.2841,2.26,2.5,ml,,31,0.009,0.34,us,us1000f1ic,2018-06-25T22:53:12.040Z,"4km W of Volcano, Hawaii",earthquake,0.8,5.9,0.057,41,reviewed,us,us
2018-06-25T20:00:12.760Z,19.4158325,-155.2630005,0.29,2.5,ml,25,89,0.004751,0.24,hv,hv70320101,2018-06-25T20:06:04.010Z,"3km WSW of Volcano, Hawaii",earthquake,0.22,0.18,0.43,15,automatic,hv,hv
2018-06-25T20:00:08.880Z,19.3945007,-155.2779999,1.89,2.5,ml,13,88,0.004202,0.22,hv,hv70320096,2018-06-25T20:05:56.640Z,"5km SW of Volcano, Hawaii",earthquake,0.47,0.47,0.56,17,automatic,hv,hv
2018-06-25T19:57:37.230Z,19.4179993,-155.2545013,0.73,2.45,ml,16,164,0.007767,0.18,hv,hv70320086,2018-06-25T20:03:24.460Z,"2km SW of Volcano, Hawaii",earthquake,0.43,0.33,3.87,3,automatic,hv,hv
2018-06-25T19:54:13.860Z,19.4038334,-155.2636719,1.05,2.49,ml,19,57,0.008958,0.13,hv,hv70320076,2018-06-25T19:59:57.990Z,"4km SW of Volcano, Hawaii",earthquake,0.21,0.17,0.33,14,automatic,hv,hv
2018-06-25T19:53:50.770Z,19.4311676,-155.2745056,2.08,2.48,ml,12,239,0.007617,0.21,hv,hv70320071,2018-06-25T21:00:57.171Z,"3km W of Volcano, Hawaii",earthquake,1.02,0.8,0.28,15,automatic,hv,hv
2018-06-25T19:51:03.390Z,19.4178333,-155.2695007,0.63,2.93,ml,41,29,0.009355,0.23,hv,hv70320066,2018-06-25T19:56:52.680Z,"3km WSW of Volcano, Hawaii",earthquake,0.24,0.17,2.9,31,automatic,hv,hv
2018-06-25T19:46:51.700Z,36.705,67.2456,24.43,4.2,mb,,97,2.399,0.81,us,us1000f1hl,2018-06-25T22:49:58.920Z,"12km E of Mazar-e Sharif, Afghanistan",earthquake,6.3,8,0.186,8,reviewed,us,us
2018-06-25T19:46:16.040Z,19.3934994,-155.2676697,0.71,3.01,ml,17,62,0.004965,0.26,hv,hv70320046,2018-06-25T21:34:54.908Z,"5km SW of Volcano, Hawaii",earthquake,0.4,0.27,0.42,9,automatic,hv,hv
2018-06-25T19:42:07.880Z,19.398,-155.2716667,0.58,4.28,ml,18,62,0.003215,0.09,hv,hv70320041,2018-06-25T22:38:51.040Z,"5km SW of Volcano, Hawaii",earthquake,0.17,0.32,0.184,3,reviewed,hv,hv
2018-06-25T19:41:44.050Z,19.4003333,-155.2731667,0.67,3.72,ml,21,50,0.01592,0.05,hv,hv70320036,2018-06-25T21:55:26.505Z,"6km SW of Volcano, Hawaii",earthquake,0.16,0.23,0.202,11,reviewed,hv,hv
2018-06-25T19:40:45.280Z,19.4316673,-155.2534943,0.82,2.55,ml,13,158,0.01109,0.13,hv,hv70320031,2018-06-25T19:46:34.040Z,"1km W of Volcano, Hawaii",earthquake,0.25,0.24,0.4,11,automatic,hv,hv
2018-06-25T19:36:50.970Z,19.430666,-155.2891693,-0.58,2.94,ml,19,57,0.009825,0.24,hv,hv70320021,2018-06-25T19:42:39.830Z,"5km W of Volcano, Hawaii",earthquake,0.26,0.33,0.42,4,automatic,hv,hv
2018-06-25T19:33:42.230Z,19.4044991,-155.2618408,1.63,3.2,ml,21,84,0.007375,0.26,hv,hv70320016,2018-06-25T19:58:32.774Z,"3km SW of Volcano, Hawaii",earthquake,0.43,0.33,2.35,18,automatic,hv,hv
2018-06-25T19:32:37.560Z,19.4263325,-155.2769928,0.36,3.25,ml,16,83,0.00166,0.21,hv,hv70320011,2018-06-25T20:04:16.707Z,"4km W of Volcano, Hawaii",earthquake,0.28,0.24,0.42,13,automatic,hv,hv
2018-06-25T19:31:30.290Z,19.4016666,-155.2684937,0.59,2.89,ml,43,35,0.004124,0.22,hv,hv70320006,2018-06-25T20:02:37.965Z,"4km SW of Volcano, Hawaii",earthquake,0.15,0.17,3.26,32,automatic,hv,hv
2018-06-25T19:31:21.250Z,19.3998337,-155.2689972,1.12,2.81,ml,31,45,0.003216,0.19,hv,hv70320001,2018-06-25T19:37:07.450Z,"4km SW of Volcano, Hawaii",earthquake,0.2,0.19,3.2,33,automatic,hv,hv
2018-06-25T19:25:41.440Z,19.4156666,-155.2769928,0.76,2.72,ml,41,36,0.006993,0.17,hv,hv70319991,2018-06-25T19:31:31.020Z,"4km WSW of Volcano, Hawaii",earthquake,0.25,0.13,0.39,16,automatic,hv,hv
2018-06-25T19:23:48.210Z,19.3908329,-155.2701721,-0.29,2.75,ml,17,64,0.005576,0.39,hv,hv70319986,2018-06-25T19:29:35.690Z,"5km SW of Volcano, Hawaii",earthquake,0.31,0.27,0.43,11,automatic,hv,hv
2018-06-25T19:23:37.589Z,56.9684,-158.5827,3.6,3.1,ml,,,,0.77,ak,ak19801596,2018-06-25T19:46:24.783Z,"80km N of Chignik Lake, Alaska",earthquake,,0.8,,,reviewed,ak,ak
2018-06-25T19:20:34.460Z,19.392334,-155.2660065,-0.39,2.68,ml,29,42,0.005877,0.32,hv,hv70319976,2018-06-25T19:26:20.600Z,"5km SW of Volcano, Hawaii",earthquake,0.23,0.29,0.45,18,automatic,hv,hv
2018-06-25T19:18:45.920Z,19.4023342,-155.2873383,-0.26,2.57,ml,25,51,0.01269,0.27,hv,hv70319971,2018-06-25T19:24:32.230Z,"6km WSW of Volcano, Hawaii",earthquake,0.21,0.29,0.33,13,automatic,hv,hv
2018-06-25T19:15:58.200Z,19.4101658,-155.2701721,0.23,2.84,ml,44,36,0.009903,0.28,hv,hv70319966,2018-06-25T19:21:45.470Z,"4km SW of Volcano, Hawaii",earthquake,0.23,0.2,2.87,31,automatic,hv,hv
2018-06-25T19:15:28.460Z,19.4319992,-155.2890015,0.28,2.76,ml,8,99,0.01116,0.19,hv,hv70319961,2018-06-25T19:21:13.540Z,"5km W of Volcano, Hawaii",earthquake,0.85,0.68,2.49,30,automatic,hv,hv
2018-06-25T19:13:07.690Z,19.4064999,-155.2706604,0.75,2.54,ml,29,34,0.009304,0.2,hv,hv70319956,2018-06-25T19:18:54.110Z,"4km SW of Volcano, Hawaii",earthquake,0.29,0.22,2.19,18,automatic,hv,hv
2018-06-25T19:11:10.770Z,19.4069996,-155.2774963,-0.34,2.92,ml,26,47,0.01213,0.22,hv,hv70319951,2018-06-25T19:16:57.130Z,"4km WSW of Volcano, Hawaii",earthquake,0.17,0.21,0.34,17,automatic,hv,hv
2018-06-25T19:09:33.770Z,19.4146671,-155.2638397,-1.06,2.74,ml,38,60,0.004536,0.39,hv,hv70319946,2018-06-25T21:07:31.543Z,"3km WSW of Volcano, Hawaii",earthquake,0.21,0.16,2.57,28,automatic,hv,hv
2018-06-25T19:06:29.150Z,19.2051659,-155.4281616,32.52,2.52,ml,27,139,0.04329,0.11,hv,hv70319931,2018-06-25T19:12:15.110Z,"5km E of Pahala, Hawaii",earthquake,0.5,0.91,0.41,4,automatic,hv,hv
2018-06-25T18:57:10.430Z,19.3980007,-155.2598267,0.54,2.46,ml,22,66,0.005862,0.29,hv,hv70319886,2018-06-25T19:02:59.330Z,"4km SSW of Volcano, Hawaii",earthquake,0.31,0.27,0.45,13,automatic,hv,hv
2018-06-25T18:56:41.230Z,19.4228325,-155.2623291,1.13,2.46,ml,5,135,0.001327,0.04,hv,hv70319881,2018-06-25T19:02:27.280Z,"2km WSW of Volcano, Hawaii",earthquake,0.95,0.24,0.35,13,automatic,hv,hv
2018-06-25T18:52:44.070Z,19.4230003,-155.2606659,0.45,2.73,ml,16,115,0.0002613,0.28,hv,hv70319871,2018-06-25T18:58:28.360Z,"2km WSW of Volcano, Hawaii",earthquake,0.59,0.3,0.51,15,automatic,hv,hv
2018-06-25T18:52:42.960Z,19.4153328,-155.2646637,1.28,2.74,ml,23,60,0.005553,0.17,hv,hv70319876,2018-06-25T18:58:38.020Z,"3km WSW of Volcano, Hawaii",earthquake,0.24,0.19,0.44,18,automatic,hv,hv
2018-06-25T18:52:28.220Z,19.427,-155.2949982,0.27,2.65,ml,13,74,0.007005,0.16,hv,hv70319866,2018-06-25T18:58:12.340Z,"6km W of Volcano, Hawaii",earthquake,0.38,0.32,0.51,19,automatic,hv,hv
2018-06-25T18:48:29.550Z,19.3945007,-155.2680054,0.5,2.65,ml,28,44,0.004162,0.27,hv,hv70319861,2018-06-25T18:54:10.180Z,"5km SW of Volcano, Hawaii",earthquake,0.28,0.2,0.53,23,automatic,hv,hv
2018-06-25T18:45:36.700Z,19.3978329,-155.2765045,1.01,3.19,ml,36,40,0.003648,0.23,hv,hv70319856,2018-06-25T19:36:15.040Z,"5km SW of Volcano, Hawaii",earthquake,0.29,0.21,3.47,31,automatic,hv,hv
2018-06-25T18:44:37.680Z,19.4066658,-155.2805023,0.01,2.65,ml,38,27,0.01145,0.25,hv,hv70319846,2018-06-25T18:50:16.510Z,"5km WSW of Volcano, Hawaii",earthquake,0.17,0.19,2.97,29,automatic,hv,hv
2018-06-25T18:42:19.670Z,19.4650002,-155.2886658,-0.33,2.8,ml,9,287,0.0446,0.21,hv,hv70319836,2018-06-25T18:48:02.210Z,"6km NW of Volcano, Hawaii",earthquake,1.02,0.46,0.54,10,automatic,hv,hv
2018-06-25T18:40:03.390Z,19.4133339,-155.2641602,0.44,2.65,ml,27,81,0.004229,0.19,hv,hv70319826,2018-06-25T18:45:43.730Z,"3km SW of Volcano, Hawaii",earthquake,0.2,0.24,0.46,16,automatic,hv,hv
2018-06-25T18:34:48.860Z,19.399334,-155.2660065,0.68,2.77,ml,18,78,0.001087,0.3,hv,hv70319801,2018-06-25T18:40:31.200Z,"4km SW of Volcano, Hawaii",earthquake,0.43,0.29,0.33,12,automatic,hv,hv
2018-06-25T18:34:21.990Z,19.4074993,-155.2850037,1.63,2.47,ml,9,207,0.01015,0.14,hv,hv70319796,2018-06-25T18:40:01.110Z,"5km WSW of Volcano, Hawaii",earthquake,1.16,0.4,0.37,14,automatic,hv,hv
2018-06-25T18:32:13.420Z,19.399334,-155.2689972,-0.06,2.74,ml,45,45,0.003002,0.32,hv,hv70319786,2018-06-25T18:37:53.240Z,"4km SW of Volcano, Hawaii",earthquake,0.22,0.26,2.77,30,automatic,hv,hv
2018-06-25T18:29:07.250Z,19.3850002,-155.2655029,-0.02,2.48,ml,23,57,0.01286,0.31,hv,hv70319776,2018-06-25T18:34:48.530Z,"5km SSW of Volcano, Hawaii",earthquake,0.34,0.28,0.37,12,automatic,hv,hv
2018-06-25T18:25:59.390Z,19.4161667,-155.2763333,0.29,3.25,ml,19,46,0.007477,0.1,hv,hv70319766,2018-06-25T23:54:44.031Z,"4km W of Volcano, Hawaii",earthquake,0.16,0.16,0.147,10,reviewed,hv,hv
2018-06-25T18:25:21.480Z,19.5296669,-155.4613342,-1.87,2.57,ml,7,94,0.07545,0.16,hv,hv70319761,2018-06-25T18:31:11.420Z,"25km WNW of Volcano, Hawaii",earthquake,0.7,1.6,3.73,12,automatic,hv,hv
2018-06-25T18:25:16.430Z,19.4261665,-155.2743378,0.57,2.95,ml,41,42,0.003366,0.25,hv,hv70319756,2018-06-25T18:31:03.040Z,"3km W of Volcano, Hawaii",earthquake,0.29,0.16,3.03,28,automatic,hv,hv
2018-06-25T18:25:12.330Z,19.3946667,-155.2618408,-0.47,2.87,ml,23,63,0.00532,0.25,hv,hv70319751,2018-06-25T18:30:53.110Z,"4km SSW of Volcano, Hawaii",earthquake,0.2,0.21,2.91,31,automatic,hv,hv
2018-06-25T18:20:49.030Z,19.3950005,-155.2734985,0.41,2.78,ml,27,42,0.0003902,0.27,hv,hv70319736,2018-06-25T18:26:29.690Z,"5km SW of Volcano, Hawaii",earthquake,0.26,0.22,0.43,15,automatic,hv,hv
2018-06-25T18:18:39.570Z,19.4153333,-155.2785,0.5,3.37,ml,19,55,0.005768,0.07,hv,hv70319731,2018-06-25T22:29:40.040Z,"4km WSW of Volcano, Hawaii",earthquake,0.14,0.15,0.168,13,reviewed,hv,hv
2018-06-25T18:16:31.490Z,19.413166,-155.2740021,0.8,3.32,ml,52,24,0.01053,0.24,hv,hv70319726,2018-06-25T22:15:05.040Z,"4km WSW of Volcano, Hawaii",earthquake,0.28,0.2,3.39,35,automatic,hv,hv
2018-06-25T18:15:23.100Z,19.4153328,-155.281662,-0.11,2.54,ml,21,67,0.003263,0.18,hv,hv70319721,2018-06-25T18:21:03.700Z,"4km WSW of Volcano, Hawaii",earthquake,0.21,0.16,0.37,17,automatic,hv,hv
2018-06-25T18:13:37.240Z,19.2064991,-155.4199982,33.26,2.86,ml,45,153,0.03746,0.19,hv,hv70319716,2018-06-25T22:09:49.040Z,"6km E of Pahala, Hawaii",earthquake,0.54,0.8,3.43,33,automatic,hv,hv
2018-06-25T18:13:10.440Z,19.1993332,-155.4306641,32.75,2.87,ml,22,159,0.04923,0.18,hv,hv70319711,2018-06-25T18:19:32.450Z,"5km E of Pahala, Hawaii",earthquake,0.76,1.3,3.77,26,automatic,hv,hv
2018-06-25T18:09:15.470Z,19.3929996,-155.2806702,1.4,2.74,ml,14,123,0.006509,0.06,hv,hv70319681,2018-06-25T18:14:59.990Z,"6km SW of Volcano, Hawaii",earthquake,0.62,0.22,0.4,15,automatic,hv,hv
2018-06-25T18:08:24.900Z,19.4138336,-155.2754974,0.17,2.78,ml,24,76,0.008966,0.33,hv,hv70319676,2018-06-25T18:14:07.310Z,"4km WSW of Volcano, Hawaii",earthquake,0.27,0.23,0.22,7,automatic,hv,hv
2018-06-25T17:58:03.260Z,19.4016666,-155.2745056,1.01,2.64,ml,31,39,0.006318,0.14,hv,hv70319641,2018-06-25T18:03:42.770Z,"5km SW of Volcano, Hawaii",earthquake,0.21,0.19,0.37,18,automatic,hv,hv
2018-06-25T17:55:54.060Z,19.3738327,-155.0291595,0.45,2.74,ml,10,228,0.05185,0.28,hv,hv70319631,2018-06-25T18:01:36.070Z,"15km SW of Leilani Estates, Hawaii",earthquake,1.82,0.77,0.19,6,automatic,hv,hv
2018-06-25T17:50:40.250Z,19.4206657,-155.2818298,0.65,2.76,ml,17,70,0.003675,0.16,hv,hv70319606,2018-06-25T17:56:22.450Z,"4km WSW of Volcano, Hawaii",earthquake,0.27,0.15,0.34,14,automatic,hv,hv
2018-06-25T17:48:23.260Z,19.4020004,-155.2684937,0.2,2.82,ml,44,34,0.004402,0.24,hv,hv70319601,2018-06-25T17:54:02.610Z,"4km SW of Volcano, Hawaii",earthquake,0.2,0.15,2.84,32,automatic,hv,hv
2018-06-25T17:46:03.500Z,19.4009991,-155.2843323,-0.16,2.9,ml,27,68,0.01154,0.33,hv,hv70319591,2018-06-25T17:51:43.690Z,"5km SW of Volcano, Hawaii",earthquake,0.23,0.27,0.35,15,automatic,hv,hv
2018-06-25T17:45:02.120Z,19.420166,-155.2566681,0.58,2.97,ml,21,98,0.004941,0.16,hv,hv70319586,2018-06-25T18:00:08.815Z,"2km WSW of Volcano, Hawaii",earthquake,0.23,0.12,0.4,13,automatic,hv,hv
2018-06-25T17:44:02.460Z,19.4233341,-155.2756653,0.59,2.73,ml,29,43,0.002299,0.34,hv,hv70319581,2018-06-25T17:55:35.121Z,"4km WSW of Volcano, Hawaii",earthquake,0.27,0.21,0.43,17,automatic,hv,hv
2018-06-25T17:43:34.440Z,19.3396664,-155.309494,-0.31,2.66,ml,14,297,0.05217,0.2,hv,hv70319576,2018-06-25T17:49:14.530Z,"12km SW of Volcano, Hawaii",earthquake,1.11,0.47,0.67,21,automatic,hv,hv
2018-06-25T17:41:29.020Z,-13.0021,45.6938,10,5.2,mb,,51,6.161,1.15,us,us1000f1d4,2018-06-25T18:28:21.466Z,"50km ESE of Pamandzi, Mayotte",earthquake,10.5,1.8,0.073,62,reviewed,us,us
2018-06-25T17:40:15.470Z,19.4090004,-155.2593384,0.02,2.72,ml,31,47,0.003112,0.27,hv,hv70319566,2018-06-25T17:45:57.590Z,"3km SW of Volcano, Hawaii",earthquake,0.21,0.22,2.56,28,automatic,hv,hv
2018-06-25T17:39:46.340Z,19.3991661,-155.2823334,-0.1,2.62,ml,12,190,0.01429,0.15,hv,hv70319561,2018-06-26T01:42:17.222Z,"5km SW of Volcano, Hawaii",earthquake,0.39,0.22,0.54,24,automatic,hv,hv
2018-06-25T17:37:49.700Z,19.4251671,-155.2588348,0.72,2.53,ml,9,165,0.002905,0.24,hv,hv70319546,2018-06-25T17:43:30.880Z,"2km WSW of Volcano, Hawaii",earthquake,0.49,0.34,0.41,16,automatic,hv,hv
2018-06-25T17:36:27.970Z,19.395834,-155.2660065,0.42,2.56,ml,17,81,0.002396,0.09,hv,hv70319536,2018-06-26T01:39:03.402Z,"4km SW of Volcano, Hawaii",earthquake,0.18,0.12,0.45,14,automatic,hv,hv
2018-06-25T17:28:13.010Z,19.392334,-155.2711639,1.22,2.67,ml,11,82,0.003819,0.1,hv,hv70319506,2018-06-25T17:33:54.390Z,"5km SW of Volcano, Hawaii",earthquake,0.32,0.21,0.44,9,automatic,hv,hv
2018-06-25T17:26:31.700Z,19.4213333,-155.2731628,0.2,2.96,ml,41,42,0.005387,0.35,hv,hv70319501,2018-06-26T01:29:09.265Z,"3km WSW of Volcano, Hawaii",earthquake,0.28,0.15,2.79,23,automatic,hv,hv
2018-06-25T17:23:41.090Z,19.4166667,-155.2786667,0.34,3.53,ml,16,73,0.00522,0.09,hv,hv70319491,2018-06-25T22:33:39.442Z,"5km WSW of Volcano, Hawaii",earthquake,0.16,0.16,5,6,reviewed,hv,hv
2018-06-25T17:23:27.130Z,19.3998333,-155.2741667,0.54,3.66,md,22,54,0.004469,0.07,hv,hv70319496,2018-06-25T22:45:06.300Z,"4km SW of Volcano, Hawaii",earthquake,0.18,0.22,0.032,4,reviewed,hv,hv
2018-06-25T17:21:25.800Z,19.4106674,-155.2793274,0.34,3.19,ml,49,27,0.008287,0.31,hv,hv70319486,2018-06-26T01:24:03.475Z,"4km WSW of Volcano, Hawaii",earthquake,0.24,0.14,3.13,33,automatic,hv,hv
2018-06-25T17:19:48.800Z,19.4126663,-155.2671661,0.52,3,ml,40,36,0.006904,0.23,hv,hv70319481,2018-06-26T01:22:19.722Z,"3km WSW of Volcano, Hawaii",earthquake,0.26,0.15,2.85,32,automatic,hv,hv
2018-06-25T17:16:25.380Z,19.4028339,-155.2595062,0.68,3.4,ml,35,57,0.007669,0.17,hv,hv70319476,2018-06-25T18:03:13.290Z,"3km SW of Volcano, Hawaii",earthquake,0.22,0.18,3.17,19,automatic,hv,hv
2018-06-25T17:14:28.520Z,19.4113331,-155.2681732,1.08,2.76,ml,34,54,0.007866,0.39,hv,hv70319471,2018-06-26T01:17:07.727Z,"3km SW of Volcano, Hawaii",earthquake,0.38,0.19,0.46,16,automatic,hv,hv
2018-06-25T17:13:52.470Z,19.4143333,-155.2668304,0.95,2.76,ml,18,75,0.006933,0.15,hv,hv70319466,2018-06-25T17:19:32.410Z,"3km WSW of Volcano, Hawaii",earthquake,0.3,0.34,0.41,16,automatic,hv,hv
2018-06-25T17:11:22.970Z,19.3948326,-155.2636719,0.21,2.61,ml,28,58,0.004058,0.18,hv,hv70319456,2018-06-25T17:17:04.590Z,"4km SW of Volcano, Hawaii",earthquake,0.23,0.18,0.48,18,automatic,hv,hv
2018-06-25T17:11:03.690Z,19.4405,-68.2435,105,3.4,md,6,240,1.7145,0.31,pr,pr2018176004,2018-06-25T18:26:43.199Z,"96km N of Punta Cana, Dominican Republic",earthquake,5.09,6.41,0.05,6,reviewed,pr,pr
2018-06-25T16:52:36.480Z,19.3946667,-155.2706604,0,2.79,ml,31,44,0.002901,0.33,hv,hv70319406,2018-06-25T16:59:32.000Z,"5km SW of Volcano, Hawaii",earthquake,0.24,0.26,0.54,14,automatic,hv,hv
2018-06-25T16:51:19.400Z,19.4023342,-155.2646637,0.4,2.89,ml,42,36,0.004271,0.36,hv,hv70319396,2018-06-25T16:57:02.610Z,"4km SW of Volcano, Hawaii",earthquake,0.35,0.23,2.87,31,automatic,hv,hv
2018-06-25T16:49:22.780Z,19.4050007,-155.2640076,1.64,2.57,ml,36,36,0.00699,0.17,hv,hv70319386,2018-06-25T16:55:03.150Z,"3km SW of Volcano, Hawaii",earthquake,0.25,0.22,0.39,16,automatic,hv,hv
2018-06-25T16:48:49.720Z,19.4091663,-155.2254944,1.17,2.86,ml,11,161,0.03258,0.25,hv,hv70319381,2018-06-25T16:54:29.980Z,"2km SSE of Volcano, Hawaii",earthquake,0.89,1.67,0.43,15,automatic,hv,hv
2018-06-25T16:46:27.170Z,19.3431664,-155.0773315,6.43,2.77,ml,10,239,0.04667,0.12,hv,hv70319371,2018-06-25T16:52:08.670Z,"18km S of Fern Acres, Hawaii",earthquake,1.74,3.02,2.1,11,automatic,hv,hv
2018-06-25T16:42:08.130Z,19.4134998,-155.2746735,0.79,2.7,ml,39,42,0.009811,0.24,hv,hv70319366,2018-06-25T16:47:50.270Z,"4km WSW of Volcano, Hawaii",earthquake,0.27,0.19,3.07,27,automatic,hv,hv
2018-06-25T16:37:27.320Z,19.4076672,-155.2471619,-1.06,2.55,ml,23,122,0.01278,0.31,hv,hv70319346,2018-06-25T16:43:08.250Z,"2km SSW of Volcano, Hawaii",earthquake,0.29,0.33,0.48,23,automatic,hv,hv
2018-06-25T16:33:26.050Z,19.3959999,-155.283493,0.75,2.56,ml,24,68,0.009319,0.18,hv,hv70319326,2018-06-25T16:39:06.890Z,"6km SW of Volcano, Hawaii",earthquake,0.23,0.19,0.26,14,automatic,hv,hv
2018-06-25T16:30:44.530Z,19.4071674,-155.2624969,0.79,2.94,ml,43,64,0.005483,0.21,hv,hv70319321,2018-06-25T16:36:25.510Z,"3km SW of Volcano, Hawaii",earthquake,0.21,0.14,2.59,27,automatic,hv,hv
2018-06-25T16:30:34.047Z,67.5649,-159.1826,0.9,2.7,ml,,,,0.81,ak,ak19801565,2018-06-25T16:33:53.751Z,"123km NW of Kobuk, Alaska",earthquake,,0.3,,,automatic,ak,ak
2018-06-25T16:29:30.810Z,19.4020004,-155.2711639,-0.96,3.08,ml,22,45,0.006119,0.31,hv,hv70319316,2018-06-26T00:32:13.103Z,"4km SW of Volcano, Hawaii",earthquake,0.22,0.24,2.68,14,automatic,hv,hv
2018-06-25T16:28:15.080Z,19.3964996,-155.2711639,-0.77,2.55,ml,29,43,0.002597,0.35,hv,hv70319311,2018-06-25T16:33:56.180Z,"5km SW of Volcano, Hawaii",earthquake,0.22,0.19,2.03,23,automatic,hv,hv
2018-06-25T16:26:54.340Z,19.4204998,-155.2626648,1.2,2.59,ml,15,105,0.003003,0.13,hv,hv70319306,2018-06-25T16:32:39.000Z,"2km WSW of Volcano, Hawaii",earthquake,0.26,0.31,0.44,16,automatic,hv,hv
2018-06-25T16:26:09.560Z,19.3321667,-155.1151733,0.95,2.79,ml,33,135,0.0479,0.24,hv,hv70319301,2018-06-25T16:31:50.200Z,"16km SE of Volcano, Hawaii",earthquake,0.43,0.53,2.2,20,automatic,hv,hv
2018-06-25T16:24:38.570Z,19.4174995,-155.2749939,-0.08,2.72,ml,21,43,0.007624,0.18,hv,hv70319296,2018-06-25T16:30:21.100Z,"4km WSW of Volcano, Hawaii",earthquake,0.18,0.13,0.4,17,automatic,hv,hv
2018-06-25T16:23:58.730Z,19.3961658,-155.2745056,0.72,2.57,ml,12,77,0.001137,0.11,hv,hv70319291,2018-06-25T16:29:39.230Z,"5km SW of Volcano, Hawaii",earthquake,0.31,0.15,2.4,16,automatic,hv,hv
2018-06-25T16:20:50.690Z,19.4098339,-155.2653351,0.46,2.9,ml,35,27,0.005618,0.15,hv,hv70319286,2018-06-25T16:26:32.900Z,"3km SW of Volcano, Hawaii",earthquake,0.21,0.19,2.78,33,automatic,hv,hv
2018-06-25T16:17:22.690Z,19.3948326,-155.2648315,2.05,2.56,ml,20,99,0.003576,0.23,hv,hv70319276,2018-06-25T16:23:02.730Z,"4km SW of Volcano, Hawaii",earthquake,0.47,0.47,0.46,7,automatic,hv,hv
2018-06-25T16:10:18.670Z,19.4171658,-155.2641602,1.5,3.26,ml,14,95,0.006471,0.21,hv,hv70319256,2018-06-26T00:13:47.836Z,"3km WSW of Volcano, Hawaii",earthquake,0.39,0.34,0.31,13,automatic,hv,hv
2018-06-25T16:08:41.250Z,19.4223328,-155.2756653,1.36,3.38,ml,56,40,0.003017,0.23,hv,hv70319251,2018-06-25T17:18:46.998Z,"4km WSW of Volcano, Hawaii",earthquake,0.23,0.15,3.39,34,automatic,hv,hv
2018-06-25T16:07:31.930Z,19.4213333,-155.2725067,0.81,2.66,ml,28,42,0.005879,0.13,hv,hv70319246,2018-06-25T16:13:12.340Z,"3km WSW of Volcano, Hawaii",earthquake,0.21,0.15,0.34,12,automatic,hv,hv
2018-06-25T16:05:42.080Z,19.3901672,-155.2689972,-0.58,2.96,ml,21,83,0.006782,0.31,hv,hv70319241,2018-06-25T17:41:05.842Z,"5km SW of Volcano, Hawaii",earthquake,0.23,0.3,0.42,13,automatic,hv,hv
2018-06-25T16:03:29.410Z,19.4011669,-155.280838,0.96,2.74,ml,34,35,0.008911,0.25,hv,hv70319231,2018-06-25T16:09:54.531Z,"5km SW of Volcano, Hawaii",earthquake,0.3,0.19,0.37,24,automatic,hv,hv
2018-06-25T16:01:16.430Z,19.3951664,-155.2596741,-0.05,2.68,ml,44,36,0.006736,0.37,hv,hv70319226,2018-06-26T00:04:02.125Z,"4km SSW of Volcano, Hawaii",earthquake,0.25,0.28,3.06,28,automatic,hv,hv
2018-06-25T15:47:50.850Z,19.3898335,-155.2651672,0.75,2.6,ml,16,101,0.008404,0.25,hv,hv70319191,2018-06-25T15:53:30.840Z,"5km SSW of Volcano, Hawaii",earthquake,0.5,0.24,0.32,12,automatic,hv,hv
2018-06-25T15:46:17.340Z,19.4204998,-155.2568359,-0.22,2.94,ml,17,126,0.004623,0.27,hv,hv70319186,2018-06-25T15:51:57.630Z,"2km WSW of Volcano, Hawaii",earthquake,0.37,0.19,0.36,9,automatic,hv,hv
2018-06-25T15:43:54.090Z,19.3988342,-155.2640076,0.4,3.06,ml,32,44,0.002,0.25,hv,hv70319181,2018-06-25T15:49:34.690Z,"4km SW of Volcano, Hawaii",earthquake,0.23,0.24,0.51,16,automatic,hv,hv
2018-06-25T15:42:54.290Z,19.3978329,-155.2768402,-0.28,2.46,ml,23,49,0.003888,0.36,hv,hv70319171,2018-06-25T15:48:36.130Z,"5km SW of Volcano, Hawaii",earthquake,0.25,0.38,0.4,17,automatic,hv,hv
2018-06-25T15:36:51.020Z,19.413166,-155.2758331,0.96,2.92,ml,43,38,0.008991,0.2,hv,hv70319156,2018-06-25T15:42:29.450Z,"4km WSW of Volcano, Hawaii",earthquake,0.28,0.18,2.36,32,automatic,hv,hv
2018-06-25T15:33:30.290Z,19.4453335,-155.315506,-1.13,2.51,ml,18,186,0.03616,0.34,hv,hv70319141,2018-06-25T15:39:09.610Z,"8km W of Volcano, Hawaii",earthquake,0.67,0.47,0.5,12,automatic,hv,hv
2018-06-25T15:30:56.720Z,19.4191666,-155.2704926,1.1,2.76,ml,20,39,0.008305,0.18,hv,hv70319136,2018-06-25T15:36:38.030Z,"3km WSW of Volcano, Hawaii",earthquake,0.29,0.17,0.22,11,automatic,hv,hv
2018-06-25T15:28:33.480Z,19.4136658,-155.2765045,0.91,2.7,ml,45,38,0.008195,0.19,hv,hv70319131,2018-06-25T15:34:12.520Z,"4km WSW of Volcano, Hawaii",earthquake,0.24,0.13,2.93,30,automatic,hv,hv
2018-06-25T15:28:00.520Z,19.3931675,-155.2681732,1.13,2.69,ml,11,89,0.005438,0.17,hv,hv70319126,2018-06-25T15:33:42.580Z,"5km SW of Volcano, Hawaii",earthquake,0.54,0.27,2,26,automatic,hv,hv
2018-06-25T15:23:11.330Z,19.3920002,-155.2751617,0.37,2.48,ml,19,81,0.003644,0.26,hv,hv70319106,2018-06-25T15:28:52.350Z,"5km SW of Volcano, Hawaii",earthquake,0.31,0.2,0.33,13,automatic,hv,hv
2018-06-25T15:21:58.180Z,19.4251671,-155.2776642,1.15,2.46,ml,16,110,0.0004123,0.24,hv,hv70319096,2018-06-25T15:27:40.040Z,"4km W of Volcano, Hawaii",earthquake,0.35,0.23,0.29,14,automatic,hv,hv
2018-06-25T15:18:51.070Z,19.4076672,-155.2551727,-0.46,2.51,ml,7,310,0.01623,0.17,hv,hv70319086,2018-06-25T15:24:32.520Z,"3km SW of Volcano, Hawaii",earthquake,0.49,0.33,0.48,7,automatic,hv,hv
2018-06-25T15:11:04.110Z,19.4118328,-155.2684937,-0.65,2.6,ml,30,50,0.008137,0.3,hv,hv70319066,2018-06-25T15:16:45.550Z,"3km WSW of Volcano, Hawaii",earthquake,0.19,0.32,0.41,18,automatic,hv,hv
2018-06-25T15:08:16.670Z,19.4015007,-155.2668304,0.01,2.75,ml,44,36,0.003328,0.27,hv,hv70319061,2018-06-25T15:13:56.910Z,"4km SW of Volcano, Hawaii",earthquake,0.2,0.17,2.64,26,automatic,hv,hv
2018-06-25T15:07:33.630Z,19.3875008,-155.2640076,0.11,2.99,ml,15,59,0.01085,0.16,hv,hv70319056,2018-06-25T15:13:15.710Z,"5km SSW of Volcano, Hawaii",earthquake,0.24,0.27,0.63,16,automatic,hv,hv
2018-06-25T15:05:35.990Z,19.4016666,-155.2783356,1.43,2.65,ml,44,35,0.007673,0.21,hv,hv70319046,2018-06-25T15:11:16.260Z,"5km SW of Volcano, Hawaii",earthquake,0.26,0.19,2.53,28,automatic,hv,hv
2018-06-25T14:58:41.460Z,19.3990002,-155.2700043,1.24,2.55,ml,39,55,0.003825,0.25,hv,hv70319031,2018-06-25T15:04:21.720Z,"4km SW of Volcano, Hawaii",earthquake,0.28,0.18,0.46,20,automatic,hv,hv
2018-06-25T14:48:39.110Z,19.3986664,-155.260498,1.03,2.69,ml,24,66,0.005241,0.39,hv,hv70319001,2018-06-25T14:54:22.830Z,"4km SSW of Volcano, Hawaii",earthquake,0.51,0.44,0.47,9,automatic,hv,hv
2018-06-25T14:48:34.130Z,19.4096661,-155.2651672,1.73,2.58,ml,21,47,0.005544,0.09,hv,hv70318996,2018-06-25T14:54:15.090Z,"3km SW of Volcano, Hawaii",earthquake,0.22,0.18,0.37,15,automatic,hv,hv
2018-06-25T14:40:49.770Z,19.3926659,-155.2684937,0.77,2.8,ml,26,43,0.005554,0.21,hv,hv70318971,2018-06-25T14:46:27.180Z,"5km SW of Volcano, Hawaii",earthquake,0.23,0.25,0.4,14,automatic,hv,hv
2018-06-25T14:36:55.480Z,19.3991667,-155.274,0.52,3.71,ml,21,55,0.003794,0.06,hv,hv70318966,2018-06-25T22:18:35.444Z,"5km SW of Volcano, Hawaii",earthquake,0.15,0.2,0.196,10,reviewed,hv,hv
2018-06-25T14:35:53.220Z,19.4160004,-155.2695007,-0.5,3.06,ml,22,86,0.01115,0.26,hv,hv70318956,2018-06-25T14:41:41.440Z,"3km WSW of Volcano, Hawaii",earthquake,0.37,0.42,3.42,26,automatic,hv,hv
2018-06-25T14:35:51.600Z,19.4243336,-155.2660065,1.53,3.19,ml,50,62,0.003155,0.32,hv,hv70318951,2018-06-25T14:41:31.850Z,"3km WSW of Volcano, Hawaii",earthquake,0.35,0.27,3.05,35,automatic,hv,hv
2018-06-25T14:33:06.050Z,19.4006672,-155.2633362,-0.36,3.1,ml,15,115,0.01887,0.13,hv,hv70318946,2018-06-25T14:38:46.540Z,"4km SW of Volcano, Hawaii",earthquake,0.23,0.29,0.44,12,automatic,hv,hv
2018-06-25T14:31:45.550Z,19.3986664,-155.2664948,0.78,2.74,ml,32,44,0.0006075,0.32,hv,hv70318941,2018-06-25T14:37:25.200Z,"4km SW of Volcano, Hawaii",earthquake,0.3,0.3,2.15,21,automatic,hv,hv
2018-06-25T14:27:43.930Z,19.3946667,-155.2728271,0.51,2.62,ml,30,46,0.001039,0.16,hv,hv70318921,2018-06-25T14:33:24.830Z,"5km SW of Volcano, Hawaii",earthquake,0.18,0.14,0.4,15,automatic,hv,hv
2018-06-25T14:27:43.620Z,19.4018326,-155.1560059,3.21,2.54,ml,9,168,0.06271,0.38,hv,hv70318926,2018-06-25T14:33:33.570Z,"9km ESE of Volcano, Hawaii",earthquake,2.97,13.94,0.52,10,automatic,hv,hv
2018-06-25T14:26:39.600Z,19.3966675,-155.2696686,0.4,2.53,ml,26,35,0.003773,0.33,hv,hv70318911,2018-06-25T14:32:21.760Z,"5km SW of Volcano, Hawaii",earthquake,0.25,0.23,0.41,14,automatic,hv,hv
2018-06-25T14:23:05.950Z,19.4008331,-155.2631683,0.53,2.78,ml,23,88,0.003735,0.14,hv,hv70318901,2018-06-25T14:28:46.090Z,"4km SW of Volcano, Hawaii",earthquake,0.15,0.16,0.47,18,automatic,hv,hv
2018-06-25T14:18:28.300Z,19.4018326,-155.2720032,1.09,2.95,ml,29,46,0.006673,0.22,hv,hv70318886,2018-06-25T14:24:06.600Z,"4km SW of Volcano, Hawaii",earthquake,0.22,0.25,2.12,21,automatic,hv,hv
2018-06-25T14:17:49.360Z,19.4136658,-155.2899933,-0.28,2.86,ml,22,58,0.006779,0.25,hv,hv70318881,2018-06-25T14:23:32.430Z,"5km WSW of Volcano, Hawaii",earthquake,0.31,0.23,0.42,20,automatic,hv,hv
2018-06-25T14:11:28.600Z,19.3999996,-155.2788391,0.29,2.86,ml,20,68,0.006729,0.36,hv,hv70318871,2018-06-25T14:17:09.860Z,"5km SW of Volcano, Hawaii",earthquake,0.34,0.32,0.38,13,automatic,hv,hv
2018-06-25T14:11:04.610Z,19.4020004,-155.2601624,0.71,2.71,ml,21,103,0.006684,0.3,hv,hv70318861,2018-06-25T14:16:45.540Z,"3km SW of Volcano, Hawaii",earthquake,0.39,0.35,0.48,19,automatic,hv,hv
2018-06-25T14:04:07.250Z,19.4173336,-155.2651672,0.99,2.66,ml,27,93,0.006936,0.13,hv,hv70318846,2018-06-25T14:09:45.900Z,"3km WSW of Volcano, Hawaii",earthquake,0.25,0.15,0.34,11,automatic,hv,hv
2018-06-25T13:59:17.040Z,19.449667,-155.431839,6.28,2.67,ml,9,233,0.1358,0.27,hv,hv70318821,2018-06-25T14:04:58.710Z,"20km W of Volcano, Hawaii",earthquake,10.38,17.39,0.19,7,automatic,hv,hv
2018-06-25T13:55:41.420Z,19.4138336,-155.2768402,0.35,2.8,ml,30,46,0.007837,0.3,hv,hv70318806,2018-06-25T14:02:03.540Z,"4km WSW of Volcano, Hawaii",earthquake,0.21,0.17,0.27,14,automatic,hv,hv
2018-06-25T13:55:11.020Z,19.3976669,-155.2893372,-0.95,2.8,ml,9,218,0.0205,0.1,hv,hv70318801,2018-06-25T14:01:53.990Z,"6km SW of Volcano, Hawaii",earthquake,0.24,0.32,0.47,12,automatic,hv,hv
2018-06-25T13:54:54.840Z,19.3951664,-155.2749939,1.12,2.54,ml,11,131,0.001291,0.17,hv,hv70318796,2018-06-25T14:01:46.810Z,"5km SW of Volcano, Hawaii",earthquake,0.3,0.46,0.52,11,automatic,hv,hv
2018-06-25T13:52:49.260Z,19.4188328,-155.2769928,0.38,2.46,ml,19,51,0.005922,0.17,hv,hv70318781,2018-06-25T13:58:29.220Z,"4km WSW of Volcano, Hawaii",earthquake,0.21,0.17,0.3,9,automatic,hv,hv
2018-06-25T13:47:46.860Z,19.4206657,-155.2828369,-0.02,2.76,ml,30,39,0.003216,0.25,hv,hv70318761,2018-06-25T13:53:27.900Z,"4km WSW of Volcano, Hawaii",earthquake,0.26,0.17,0.4,16,automatic,hv,hv
2018-06-25T13:43:49.060Z,19.4080009,-155.2788391,0.08,2.73,ml,30,43,0.01082,0.24,hv,hv70318751,2018-06-25T13:49:33.680Z,"4km WSW of Volcano, Hawaii",earthquake,0.19,0.21,0.4,22,automatic,hv,hv
2018-06-25T13:42:12.030Z,19.3951664,-155.2653351,0.09,2.83,ml,38,36,0.003129,0.3,hv,hv70318746,2018-06-25T13:47:53.560Z,"4km SW of Volcano, Hawaii",earthquake,0.21,0.26,2.01,24,automatic,hv,hv
2018-06-25T13:40:56.270Z,19.4146671,-155.2711639,1.12,2.71,ml,38,53,0.01096,0.26,hv,hv70318741,2018-06-25T13:46:37.090Z,"3km WSW of Volcano, Hawaii",earthquake,0.26,0.17,2.8,23,automatic,hv,hv
2018-06-25T13:40:15.470Z,19.3998337,-155.2581635,-0.97,2.91,ml,17,121,0.007594,0.19,hv,hv70318736,2018-06-25T13:45:58.550Z,"4km SSW of Volcano, Hawaii",earthquake,0.17,0.24,0.61,17,automatic,hv,hv
2018-06-25T13:38:41.780Z,19.4195004,-155.2736664,1.6,2.48,ml,21,46,0.006406,0.18,hv,hv70318731,2018-06-25T13:44:22.070Z,"3km WSW of Volcano, Hawaii",earthquake,0.25,0.23,0.22,9,automatic,hv,hv
2018-06-25T13:30:54.940Z,19.3943329,-155.2785034,1.09,2.74,ml,34,41,0.004702,0.28,hv,hv70318711,2018-06-25T13:36:36.880Z,"5km SW of Volcano, Hawaii",earthquake,0.25,0.25,2.14,21,automatic,hv,hv
2018-06-25T13:07:18.100Z,19.3924999,-155.2753296,0.91,2.62,ml,38,47,0.003267,0.2,hv,hv70318616,2018-06-25T13:12:58.240Z,"5km SW of Volcano, Hawaii",earthquake,0.25,0.17,2.59,27,automatic,hv,hv
2018-06-25T13:04:26.670Z,19.4120007,-155.2638397,0.44,2.8,ml,35,50,0.003741,0.19,hv,hv70318611,2018-06-25T13:10:06.420Z,"3km SW of Volcano, Hawaii",earthquake,0.21,0.12,2.97,29,automatic,hv,hv
2018-06-25T13:00:16.590Z,19.4241657,-155.277832,0.56,3.33,ml,56,32,0.0006365,0.27,hv,hv70318606,2018-06-25T13:05:59.440Z,"4km W of Volcano, Hawaii",earthquake,0.24,0.17,3.33,36,automatic,hv,hv
2018-06-25T12:54:40.460Z,19.4309998,-155.2734985,-0.52,2.53,ml,11,130,0.006734,0.23,hv,hv70318591,2018-06-25T13:00:24.040Z,"3km W of Volcano, Hawaii",earthquake,0.32,0.29,0.19,4,automatic,hv,hv
2018-06-25T12:53:46.310Z,19.3945007,-155.2733307,0.7,2.59,ml,32,48,0.0009117,0.15,hv,hv70318586,2018-06-25T12:59:27.480Z,"5km SW of Volcano, Hawaii",earthquake,0.22,0.15,0.33,14,automatic,hv,hv
2018-06-25T12:51:44.930Z,19.4126663,-155.2630005,1,2.74,ml,23,75,0.003004,0.23,hv,hv70318581,2018-06-25T12:57:27.540Z,"3km SW of Volcano, Hawaii",earthquake,0.33,0.24,0.3,8,automatic,hv,hv
2018-06-25T12:51:35.160Z,19.3985004,-155.2661591,2.46,2.72,ml,19,72,0.0002837,0.33,hv,hv70318576,2018-06-25T12:57:16.630Z,"4km SW of Volcano, Hawaii",earthquake,0.57,0.75,0.43,19,automatic,hv,hv
2018-06-25T12:51:19.720Z,19.4564991,-155.2963409,-1.09,2.84,ml,11,236,0.0362,0.39,hv,hv70318571,2018-06-25T12:57:03.680Z,"6km WNW of Volcano, Hawaii",earthquake,0.86,0.68,0.48,18,automatic,hv,hv
2018-06-25T12:51:10.170Z,19.4060001,-155.2568359,1.41,2.72,ml,12,120,0.01738,0.19,hv,hv70318566,2018-06-25T12:56:50.990Z,"3km SW of Volcano, Hawaii",earthquake,0.48,0.8,0.47,18,automatic,hv,hv
2018-06-25T12:49:07.570Z,-19.0362,169.6778,269.86,5,mww,,79,2.874,0.88,us,us1000f14j,2018-06-25T13:07:15.040Z,"71km NE of Isangel, Vanuatu",earthquake,9.3,6.7,0.08,15,reviewed,us,us
2018-06-25T12:48:02.150Z,16.1463,-96.5012,39.32,4.2,mb,,203,2.427,0.96,us,us1000f14h,2018-06-25T13:13:05.424Z,"21km SSW of San Cristobal Amatlan, Mexico",earthquake,11.5,16,0.089,35,reviewed,us,us
2018-06-25T12:47:01.930Z,19.413166,-155.2788391,1.06,3.32,ml,53,26,0.006681,0.27,hv,hv70318556,2018-06-25T12:52:42.340Z,"4km WSW of Volcano, Hawaii",earthquake,0.27,0.18,3.03,35,automatic,hv,hv
2018-06-25T12:46:38.540Z,19.4128342,-155.2736664,0.83,3.15,ml,33,44,0.01095,0.18,hv,hv70318551,2018-06-25T12:52:19.730Z,"4km WSW of Volcano, Hawaii",earthquake,0.28,0.17,3.35,36,automatic,hv,hv
2018-06-25T12:46:14.300Z,19.4316673,-155.2696686,0.35,2.62,ml,10,107,0.004935,0.15,hv,hv70318546,2018-06-25T12:51:57.560Z,"3km W of Volcano, Hawaii",earthquake,0.23,0.25,0.28,13,automatic,hv,hv
2018-06-25T12:43:07.910Z,19.4083328,-155.2758331,0.34,2.74,ml,42,33,0.01212,0.21,hv,hv70318541,2018-06-25T12:48:48.330Z,"4km WSW of Volcano, Hawaii",earthquake,0.18,0.17,2.57,27,automatic,hv,hv
2018-06-25T12:39:33.990Z,19.4104996,-155.2725067,0.76,2.98,ml,45,34,0.01202,0.23,hv,hv70318531,2018-06-25T12:45:15.170Z,"4km WSW of Volcano, Hawaii",earthquake,0.26,0.15,3.24,32,automatic,hv,hv
2018-06-25T12:36:19.780Z,19.413166,-155.2745056,0.4,2.51,ml,39,41,0.0101,0.25,hv,hv70318526,2018-06-25T12:41:58.410Z,"4km WSW of Volcano, Hawaii",earthquake,0.18,0.17,1.92,23,automatic,hv,hv
2018-06-25T12:32:41.650Z,19.3901672,-155.269165,0.51,2.71,ml,33,44,0.006681,0.23,hv,hv70318516,2018-06-25T12:38:20.770Z,"5km SW of Volcano, Hawaii",earthquake,0.25,0.2,0.47,17,automatic,hv,hv
2018-06-25T12:30:25.550Z,19.4011669,-155.2669983,0.5,2.54,ml,28,56,0.003049,0.2,hv,hv70318511,2018-06-25T12:36:07.710Z,"4km SW of Volcano, Hawaii",earthquake,0.18,0.24,2.38,15,automatic,hv,hv
2018-06-25T12:24:51.400Z,19.4033337,-155.2675018,0.24,2.79,ml,43,34,0.005252,0.21,hv,hv70318486,2018-06-25T12:30:32.170Z,"4km SW of Volcano, Hawaii",earthquake,0.15,0.14,2.55,28,automatic,hv,hv
2018-06-25T12:21:03.690Z,19.3990002,-155.2746735,0.78,2.7,ml,19,49,0.003742,0.19,hv,hv70318476,2018-06-25T12:26:44.470Z,"5km SW of Volcano, Hawaii",earthquake,0.24,0.32,0.37,15,automatic,hv,hv
2018-06-25T12:20:29.560Z,19.434,-155.0243378,10.41,3.36,ml,22,123,0.01877,0.19,hv,hv70318471,2018-06-25T12:26:12.700Z,"10km SSW of Ainaloa, Hawaii",earthquake,0.6,0.69,0.4,13,automatic,hv,hv
2018-06-25T12:19:35.850Z,19.3913326,-155.2675018,0.31,2.68,ml,28,50,0.007012,0.33,hv,hv70318466,2018-06-25T12:25:16.940Z,"5km SW of Volcano, Hawaii",earthquake,0.26,0.3,0.44,16,automatic,hv,hv
2018-06-25T12:17:05.840Z,19.4088326,-155.261673,0.07,2.85,ml,43,54,0.003654,0.34,hv,hv70318461,2018-06-25T12:22:45.030Z,"3km SW of Volcano, Hawaii",earthquake,0.25,0.16,2.88,31,automatic,hv,hv
2018-06-25T12:16:52.630Z,19.4298325,-155.2776642,0.49,2.78,ml,14,65,0.005047,0.11,hv,hv70318456,2018-06-25T12:22:32.030Z,"4km W of Volcano, Hawaii",earthquake,0.23,0.18,2.92,31,automatic,hv,hv
2018-06-25T12:07:45.120Z,19.4181671,-155.2754974,1.23,3.24,ml,52,32,0.006847,0.36,hv,hv70318421,2018-06-25T12:13:30.180Z,"4km WSW of Volcano, Hawaii",earthquake,0.29,0.2,3.36,36,automatic,hv,hv
2018-06-25T12:06:43.810Z,35.5185,-118.5805,-0.88,2.64,ml,47,50,0.1681,0.17,ci,ci37269066,2018-06-25T22:20:39.163Z,"11km SW of Bodfish, CA",earthquake,0.19,0.38,0.271,27,reviewed,ci,ci
2018-06-25T11:56:16.490Z,19.4128342,-155.260498,1.65,2.56,ml,27,41,0.0009466,0.25,hv,hv70318391,2018-06-25T12:01:59.770Z,"3km SW of Volcano, Hawaii",earthquake,0.39,0.23,0.32,9,automatic,hv,hv
2018-06-25T11:47:45.660Z,19.392334,-155.2754974,0.77,2.55,ml,21,69,0.003489,0.21,hv,hv70318356,2018-06-25T11:53:27.430Z,"5km SW of Volcano, Hawaii",earthquake,0.27,0.39,0.36,14,automatic,hv,hv
2018-06-25T11:47:02.020Z,19.3436661,-155.3123322,13.62,2.6,ml,12,91,0.04739,0.09,hv,hv70318351,2018-06-25T11:52:41.660Z,"12km SW of Volcano, Hawaii",earthquake,0.56,0.33,0.4,14,automatic,hv,hv
2018-06-25T11:45:26.770Z,19.4001675,-155.2648315,0.59,2.78,ml,33,35,0.002226,0.31,hv,hv70318346,2018-06-25T11:51:08.310Z,"4km SW of Volcano, Hawaii",earthquake,0.27,0.2,2.71,25,automatic,hv,hv
2018-06-25T11:45:02.520Z,19.4134998,-155.2791595,0.99,2.8,ml,35,54,0.006234,0.18,hv,hv70318341,2018-06-25T11:50:44.860Z,"4km WSW of Volcano, Hawaii",earthquake,0.26,0.16,1.87,27,automatic,hv,hv
2018-06-25T11:43:05.430Z,19.4376659,-155.2631683,0.43,2.65,ml,8,199,0.01136,0.1,hv,hv70318326,2018-06-25T11:48:44.450Z,"2km WNW of Volcano, Hawaii",earthquake,0.37,0.49,0.14,3,automatic,hv,hv
2018-06-25T11:40:14.480Z,19.4191666,-155.2698364,1.62,2.71,ml,42,30,0.008128,0.17,hv,hv70318316,2018-06-25T11:45:56.200Z,"3km WSW of Volcano, Hawaii",earthquake,0.27,0.18,0.37,20,automatic,hv,hv
2018-06-25T11:38:04.930Z,19.560667,-155.177002,-1.06,2.78,ml,12,306,0.158,0.26,hv,hv70318311,2018-06-25T11:44:05.620Z,"7km W of Mountain View, Hawaii",earthquake,9.29,2.72,0.41,11,automatic,hv,hv
2018-06-25T11:35:04.750Z,19.3964996,-155.2728271,1.05,2.61,ml,25,44,0.001364,0.18,hv,hv70318296,2018-06-25T11:40:47.120Z,"5km SW of Volcano, Hawaii",earthquake,0.24,0.2,0.33,12,automatic,hv,hv
2018-06-25T11:23:32.840Z,19.4144993,-155.2771606,1.21,3.02,ml,49,32,0.007263,0.18,hv,hv70318266,2018-06-25T11:29:17.870Z,"4km WSW of Volcano, Hawaii",earthquake,0.27,0.13,3.13,33,automatic,hv,hv
2018-06-25T11:20:41.870Z,19.4120007,-155.2578278,-0.12,3,ml,42,47,0.001936,0.28,hv,hv70318261,2018-06-25T11:26:22.540Z,"2km SW of Volcano, Hawaii",earthquake,0.23,0.13,2.81,33,automatic,hv,hv
2018-06-25T11:10:35.440Z,19.4109993,-155.2761688,0,2.72,ml,35,35,0.009996,0.28,hv,hv70318226,2018-06-25T11:16:20.230Z,"4km WSW of Volcano, Hawaii",earthquake,0.16,0.17,2.12,21,automatic,hv,hv
2018-06-25T11:10:09.150Z,19.4095001,-155.2788391,0.39,2.64,ml,21,69,0.009516,0.18,hv,hv70318221,2018-06-25T11:16:02.640Z,"4km WSW of Volcano, Hawaii",earthquake,0.17,0.19,1.98,24,automatic,hv,hv
2018-06-25T11:05:32.560Z,19.3933334,-155.2796631,0.41,2.55,ml,22,57,0.006032,0.12,hv,hv70318201,2018-06-25T11:11:19.550Z,"6km SW of Volcano, Hawaii",earthquake,0.17,0.19,0.42,9,automatic,hv,hv
2018-06-25T11:03:05.660Z,18.6955,-64.7106,76,3.4,md,12,337,1.2656,0.6,pr,pr2018176002,2018-06-25T23:10:10.737Z,"32km NNW of Road Town, British Virgin Islands",earthquake,6.02,11.31,0.33,11,reviewed,pr,pr
2018-06-25T10:59:53.660Z,-33.3586,-178.293,16.37,4.9,mb,,167,6.494,0.89,us,us1000f11h,2018-06-25T11:17:42.040Z,"221km SSE of L'Esperance Rock, New Zealand",earthquake,12.9,7.2,0.125,20,reviewed,us,us
2018-06-25T10:52:42.430Z,3.157,-31.3135,10,4.9,mb,,54,10.032,1.3,us,us1000f11c,2018-06-25T20:30:49.040Z,"Central Mid-Atlantic Ridge",earthquake,9.2,1.8,0.037,226,reviewed,us,us
2018-06-25T10:48:50.520Z,19.4146671,-155.2610016,1.65,2.94,ml,45,74,0.002777,0.19,hv,hv70318146,2018-06-25T10:54:29.300Z,"3km SW of Volcano, Hawaii",earthquake,0.23,0.19,3.15,34,automatic,hv,hv
2018-06-25T10:44:51.470Z,19.4013329,-155.267334,0.31,2.65,ml,42,36,0.003311,0.21,hv,hv70318141,2018-06-25T10:50:31.840Z,"4km SW of Volcano, Hawaii",earthquake,0.25,0.23,1.94,26,automatic,hv,hv
2018-06-25T10:42:13.440Z,-58.9916,149.1339,31.53,5,mb,,109,7.029,1.19,us,us1000f114,2018-06-25T11:01:43.040Z,"West of Macquarie Island",earthquake,11.9,5.7,0.097,34,reviewed,us,us
2018-06-25T10:22:12.600Z,19.4300003,-155.3261719,-1.13,2.81,ml,10,134,0.03392,0.36,hv,hv70318056,2018-06-25T18:25:00.750Z,"9km W of Volcano, Hawaii",earthquake,1.44,0.89,0.32,7,automatic,hv,hv
2018-06-25T10:18:15.000Z,-17.8378,168.1429,59.26,4.4,mb,,250,3.045,0.77,us,us1000f1k8,2018-06-25T22:08:36.052Z,"22km WSW of Port-Vila, Vanuatu",earthquake,9.8,12.7,0.156,12,reviewed,us,us
2018-06-25T10:15:23.420Z,19.4038334,-155.2561646,1.18,2.62,ml,10,144,0.008927,0.25,hv,hv70318041,2018-06-25T18:18:06.531Z,"3km SSW of Volcano, Hawaii",earthquake,0.64,0.68,0.49,11,automatic,hv,hv
2018-06-25T10:11:32.130Z,19.3996667,-155.2758333,0.89,3.33,md,22,45,0.00475,0.09,hv,hv70318036,2018-06-25T23:50:56.303Z,"5km SW of Volcano, Hawaii",earthquake,0.18,0.22,0.042,6,reviewed,hv,hv
2018-06-25T10:10:38.870Z,19.3986664,-155.2653351,0.99,3.38,ml,56,35,0.0007816,0.26,hv,hv70318031,2018-06-25T18:13:05.406Z,"4km SW of Volcano, Hawaii",earthquake,0.28,0.2,3.39,35,automatic,hv,hv
2018-06-25T09:49:07.370Z,19.4179993,-155.2855072,0.77,2.62,ml,42,29,0.001373,0.23,hv,hv70317961,2018-06-26T00:03:19.793Z,"5km WSW of Volcano, Hawaii",earthquake,0.24,0.14,1.91,26,automatic,hv,hv
2018-06-25T09:46:47.570Z,19.3980007,-155.2663269,1.51,2.58,ml,21,71,0.0003676,0.18,hv,hv70317956,2018-06-26T00:03:14.528Z,"4km SW of Volcano, Hawaii",earthquake,0.25,0.25,0.37,15,automatic,hv,hv
2018-06-25T09:39:30.240Z,19.4055004,-155.2601624,0.41,3.03,ml,48,36,0.006558,0.38,hv,hv70317931,2018-06-25T09:45:13.630Z,"3km SW of Volcano, Hawaii",earthquake,0.31,0.27,3.15,34,automatic,hv,hv
2018-06-25T09:39:14.020Z,19.4195004,-155.2663269,0.97,3.02,ml,17,64,0.006183,0.15,hv,hv70317926,2018-06-25T09:44:55.030Z,"3km WSW of Volcano, Hawaii",earthquake,0.34,0.17,3.16,34,automatic,hv,hv
2018-06-25T09:31:59.820Z,19.4309998,-155.2791595,1.42,2.47,ml,12,103,0.006383,0.14,hv,hv70317896,2018-06-26T00:03:25.554Z,"4km W of Volcano, Hawaii",earthquake,0.44,0.3,0.28,13,automatic,hv,hv
2018-06-25T09:25:36.860Z,19.4104996,-155.2720032,0.9,2.52,ml,34,42,0.01155,0.23,hv,hv70317866,2018-06-26T00:03:30.821Z,"4km WSW of Volcano, Hawaii",earthquake,0.3,0.2,0.37,18,automatic,hv,hv
2018-06-25T09:22:10.890Z,19.4213333,-155.2708282,0.96,2.47,ml,18,52,0.00644,0.09,hv,hv70317856,2018-06-25T09:27:53.350Z,"3km WSW of Volcano, Hawaii",earthquake,0.18,0.15,0.34,17,automatic,hv,hv
2018-06-25T09:18:49.710Z,19.4191666,-155.2648315,1.64,2.78,ml,15,102,0.005321,0.17,hv,hv70317841,2018-06-25T09:24:37.200Z,"3km WSW of Volcano, Hawaii",earthquake,0.45,0.25,0.38,14,automatic,hv,hv
2018-06-25T09:17:43.150Z,19.4021664,-155.2658386,0.71,2.59,ml,41,56,0.003908,0.18,hv,hv70317836,2018-06-26T00:03:35.795Z,"4km SW of Volcano, Hawaii",earthquake,0.19,0.15,0.46,23,automatic,hv,hv
2018-06-25T09:12:01.050Z,19.4338341,-154.9141693,0.63,2.85,ml,16,191,0.02215,0.27,hv,hv70317816,2018-06-25T23:58:40.290Z,"3km S of Leilani Estates, Hawaii",earthquake,0.67,0.42,0.26,3,automatic,hv,hv
2018-06-25T08:59:56.410Z,19.4008331,-155.272171,1.82,2.57,ml,10,128,0.005611,0.3,hv,hv70317766,2018-06-25T09:06:21.971Z,"4km SW of Volcano, Hawaii",earthquake,0.87,0.46,0.55,16,automatic,hv,hv
2018-06-25T08:57:19.330Z,19.3978329,-155.2845001,1.8,2.55,ml,31,34,0.01054,0.24,hv,hv70317761,2018-06-25T09:08:45.361Z,"6km SW of Volcano, Hawaii",earthquake,0.3,0.25,0.37,20,automatic,hv,hv
2018-06-25T08:46:25.410Z,19.4069996,-155.2741699,0.52,2.67,ml,42,30,0.01158,0.21,hv,hv70317731,2018-06-25T08:52:06.370Z,"4km SW of Volcano, Hawaii",earthquake,0.22,0.18,2.97,29,automatic,hv,hv
2018-06-25T08:37:13.390Z,19.4120007,-155.2788391,0.9,2.8,ml,41,30,0.007506,0.17,hv,hv70317701,2018-06-25T08:43:21.771Z,"4km WSW of Volcano, Hawaii",earthquake,0.24,0.15,2.5,28,automatic,hv,hv
2018-06-25T08:37:08.580Z,19.4061661,-155.2731628,1.7,2.76,ml,13,210,0.0154,0.26,hv,hv70317696,2018-06-25T08:42:49.800Z,"4km SW of Volcano, Hawaii",earthquake,1,0.39,2.86,31,automatic,hv,hv
2018-06-25T08:22:21.670Z,19.4016666,-155.260498,0,2.51,ml,37,46,0.006236,0.27,hv,hv70317636,2018-06-25T08:28:37.444Z,"4km SW of Volcano, Hawaii",earthquake,0.21,0.22,2.09,22,automatic,hv,hv
2018-06-25T08:21:56.260Z,40.6453,23.3164,10,4.1,mwr,,32,0.832,0.63,us,us1000f0xl,2018-06-25T21:46:54.801Z,"8km ENE of Gerakarou, Greece",earthquake,2,1.9,0.093,11,reviewed,us,us
2018-06-25T08:06:09.070Z,19.4061661,-155.1916656,7.15,2.61,ml,12,290,0.06465,0.21,hv,hv70317581,2018-06-25T08:18:39.341Z,"5km ESE of Volcano, Hawaii",earthquake,1.69,1.54,0.48,10,automatic,hv,hv
2018-06-25T07:49:21.380Z,19.4109993,-155.2733307,1.39,2.76,ml,43,40,0.01213,0.2,hv,hv70317521,2018-06-25T07:55:02.920Z,"4km WSW of Volcano, Hawaii",earthquake,0.27,0.17,2.49,29,automatic,hv,hv
2018-06-25T07:43:54.900Z,19.3986664,-155.2613373,-0.79,2.63,ml,22,91,0.004452,0.31,hv,hv70317511,2018-06-25T07:49:37.790Z,"4km SW of Volcano, Hawaii",earthquake,0.21,0.28,3.18,31,automatic,hv,hv
2018-06-25T07:43:41.440Z,19.421833,-155.2769928,0.63,2.83,ml,9,234,0.007885,0.2,hv,hv70317506,2018-06-25T07:49:22.700Z,"4km WSW of Volcano, Hawaii",earthquake,1.02,0.25,1.96,26,automatic,hv,hv
2018-06-25T07:38:05.260Z,19.3776665,-155.2741699,-0.39,2.53,ml,11,166,0.01134,0.26,hv,hv70317486,2018-06-25T07:43:46.770Z,"7km SSW of Volcano, Hawaii",earthquake,0.6,0.32,0.51,14,automatic,hv,hv
2018-06-25T07:34:40.680Z,19.4204998,-155.2621613,1.21,2.45,ml,29,76,0.002775,0.22,hv,hv70317471,2018-06-25T07:40:22.960Z,"2km WSW of Volcano, Hawaii",earthquake,0.28,0.3,0.35,15,automatic,hv,hv
2018-06-25T07:33:41.240Z,38.1438333,-112.569,7.64,2.46,ml,26,43,0.3203,0.13,uu,uu60286717,2018-06-25T15:34:06.330Z,"16km SSE of Beaver, Utah",earthquake,0.26,0.66,0.177,13,reviewed,uu,uu
2018-06-25T07:31:02.950Z,19.4151669,-155.2718353,0.81,2.59,ml,40,63,0.01098,0.31,hv,hv70317466,2018-06-25T07:36:44.940Z,"3km WSW of Volcano, Hawaii",earthquake,0.43,0.26,0.41,20,automatic,hv,hv
2018-06-25T07:30:34.940Z,19.4121666,-155.2655029,0.96,2.6,ml,11,92,0.005311,0.09,hv,hv70317461,2018-06-25T07:36:16.580Z,"3km SW of Volcano, Hawaii",earthquake,0.55,0.37,0.46,19,automatic,hv,hv
2018-06-25T07:28:08.860Z,19.3943329,-155.279007,1.85,2.64,ml,40,41,0.005167,0.19,hv,hv70317456,2018-06-25T07:33:48.810Z,"5km SW of Volcano, Hawaii",earthquake,0.23,0.19,1.96,25,automatic,hv,hv
2018-06-25T07:17:40.790Z,19.0456,-68.4843,72,2.63,md,8,218,0.5416,0.35,pr,pr2018176003,2018-06-25T13:11:06.380Z,"47km NNE of Otra Banda, Dominican Republic",earthquake,8.35,7.17,0.66,6,reviewed,pr,pr
2018-06-25T07:07:09.730Z,19.3978329,-155.2624969,0.31,2.55,ml,21,91,0.003362,0.27,hv,hv70317381,2018-06-25T07:12:53.840Z,"4km SW of Volcano, Hawaii",earthquake,0.28,0.34,0.41,14,automatic,hv,hv
2018-06-25T06:46:04.730Z,55.4623,-148.6865,7.28,3.6,ml,,204,3.109,1.11,us,us1000f0v0,2018-06-25T07:28:29.040Z,"Gulf of Alaska",earthquake,5.5,7.8,0.066,30,reviewed,us,us
2018-06-25T06:39:04.600Z,19.3501663,-155.5350037,11.92,2.73,ml,20,87,0.06258,0.32,hv,hv70317276,2018-06-25T06:45:26.247Z,"17km NNW of Pahala, Hawaii",earthquake,0.9,1.32,0.31,9,automatic,hv,hv
2018-06-25T06:22:16.010Z,-2.8202,100.1566,50.49,4.9,mb,,113,3.185,0.76,us,us1000f0ui,2018-06-25T06:42:05.040Z,"158km WSW of Sungaipenuh, Indonesia",earthquake,4.8,7.3,0.07,65,reviewed,us,us
2018-06-25T06:19:17.660Z,19.4033337,-155.2596741,0.93,2.57,ml,35,54,0.00871,0.14,hv,hv70317206,2018-06-25T06:35:51.794Z,"3km SW of Volcano, Hawaii",earthquake,0.18,0.17,0.47,17,automatic,hv,hv
2018-06-25T06:03:05.480Z,19.4068336,-155.263504,1.62,2.66,ml,38,46,0.006247,0.2,hv,hv70317166,2018-06-25T06:23:28.790Z,"3km SW of Volcano, Hawaii",earthquake,0.29,0.17,0.36,21,automatic,hv,hv
2018-06-25T05:20:00.790Z,13.6868,-90.7033,51.28,4.6,mb,,162,1.43,1.38,us,us1000f0tn,2018-06-26T01:37:50.054Z,"27km S of Iztapa, Guatemala",earthquake,8.4,10.9,0.04,187,reviewed,us,us
2018-06-25T05:14:48.650Z,36.7789,21.4071,30.35,5.5,mww,,46,0.575,1.04,us,us1000f0te,2018-06-25T20:54:57.800Z,"26km W of Methoni, Greece",earthquake,5.3,4.5,0.055,32,reviewed,us,us
2018-06-25T05:14:23.740Z,46.9133333,-112.538,12.4,2.84,ml,22,116,0.091,0.21,mb,mb80299269,2018-06-25T13:28:12.190Z,"11km ESE of Lincoln, Montana",earthquake,0.46,0.55,0.293,19,reviewed,mb,mb
2018-06-25T05:13:48.130Z,47.7622,146.5409,439.15,4,mb,,124,2.692,0.76,us,us1000f0tk,2018-06-25T06:55:35.040Z,"216km SW of Vostok, Russia",earthquake,12.5,9.5,0.046,125,reviewed,us,us
2018-06-25T03:58:14.750Z,19.3633333,-155.0443333,6.4,3.26,ml,11,175,0.04854,0.08,hv,hv70316771,2018-06-26T01:39:46.712Z,"16km SW of Leilani Estates, Hawaii",earthquake,0.98,1.46,0.178,33,reviewed,hv,hv
2018-06-25T03:35:51.410Z,-1.3826,69.2934,10,4.5,mb,,168,4.143,0.96,us,us1000f0sz,2018-06-25T04:26:57.040Z,"Carlsberg Ridge",earthquake,10,1.9,0.156,12,reviewed,us,us
2018-06-25T03:33:29.560Z,6.995,-82.6901,10,4.5,mb,,146,1.538,1.07,us,us1000f0sl,2018-06-25T04:02:11.040Z,"116km S of Punta de Burica, Panama",earthquake,7.5,1.9,0.045,142,reviewed,us,us
2018-06-25T03:27:09.110Z,19.4213333,-155.2754974,0.36,2.7,ml,44,40,0.003936,0.2,hv,hv70316686,2018-06-25T03:47:24.060Z,"4km WSW of Volcano, Hawaii",earthquake,0.25,0.18,2.61,27,automatic,hv,hv
2018-06-25T03:20:44.300Z,-8.1684,120.1818,199.24,4.5,mb,,59,2.086,1.31,us,us1000f0sj,2018-06-25T03:36:37.040Z,"17km NNW of Nggilat, Indonesia",earthquake,7.7,5.5,0.077,50,reviewed,us,us
2018-06-25T03:13:03.910Z,19.3503342,-155.1880035,6.26,2.5,ml,9,117,0.03392,0.13,hv,hv70316646,2018-06-25T03:18:47.850Z,"10km SSE of Volcano, Hawaii",earthquake,1.19,0.96,0.31,4,automatic,hv,hv
2018-06-25T02:29:21.380Z,-18.7982,-177.6736,564.11,4.7,mb,,41,4.193,1.05,us,us1000f0s5,2018-06-25T02:47:27.040Z,"231km NNE of Ndoi Island, Fiji",earthquake,11.2,8.3,0.032,290,reviewed,us,us
2018-06-25T02:22:36.820Z,19.3311672,-155.1928406,7.26,2.77,ml,47,86,0.04749,0.22,hv,hv70316491,2018-06-25T03:13:41.040Z,"11km SSE of Volcano, Hawaii",earthquake,0.42,0.49,3.18,15,automatic,hv,hv
2018-06-25T02:12:24.210Z,19.4106667,-155.283,0.9,5.2,mw,34,25,0.007035,0.11,hv,hv70316456,2018-06-25T18:02:26.136Z,"5km WSW of Volcano, Hawaii",volcanic eruption,0.18,0.13,,47,reviewed,hv,hv
2018-06-25T02:10:46.390Z,19.4156667,-155.276,0.63,3.76,ml,22,44,0.007896,0.09,hv,hv70316451,2018-06-25T22:16:14.314Z,"3km W of Volcano, Hawaii",earthquake,0.15,0.13,0.155,8,reviewed,hv,hv
2018-06-25T02:08:09.960Z,19.3908333,-155.2695,0.4,3.53,ml,27,65,0.00597,0.12,hv,hv70316441,2018-06-25T18:54:27.342Z,"5km SW of Volcano, Hawaii",earthquake,0.1,0.1,0.217,25,reviewed,hv,hv
2018-06-25T02:07:52.910Z,19.3941669,-155.2668304,-0.14,3.9,ml,28,54,0.004123,0.26,hv,hv70316436,2018-06-25T18:46:17.436Z,"5km SW of Volcano, Hawaii",earthquake,0.23,0.16,4.1,33,automatic,hv,hv
2018-06-25T02:05:52.200Z,19.4073334,-155.258667,-0.17,2.93,ml,36,46,0.004865,0.21,hv,hv70316426,2018-06-25T10:08:29.599Z,"3km SW of Volcano, Hawaii",earthquake,0.24,0.21,2.88,31,automatic,hv,hv
2018-06-25T02:04:06.230Z,19.4050007,-155.260498,0.41,2.79,ml,30,46,0.007074,0.26,hv,hv70316421,2018-06-25T02:09:48.940Z,"3km SW of Volcano, Hawaii",earthquake,0.24,0.21,0.47,17,automatic,hv,hv
2018-06-25T01:57:51.590Z,19.4221668,-155.2709961,-0.05,2.7,ml,18,107,0.005801,0.17,hv,hv70316411,2018-06-25T10:00:33.431Z,"3km WSW of Volcano, Hawaii",earthquake,0.25,0.16,3.67,23,automatic,hv,hv
2018-06-25T01:57:44.860Z,19.390667,-155.2924957,0.21,2.96,ml,35,40,0.001562,0.31,hv,hv70316401,2018-06-25T10:00:28.354Z,"7km SW of Volcano, Hawaii",earthquake,0.24,0.24,3.23,33,automatic,hv,hv
2018-06-25T01:54:38.060Z,19.3579998,-155.2828369,-1.14,2.86,ml,10,275,0.04306,0.29,hv,hv70316391,2018-06-25T02:00:20.700Z,"9km SSW of Volcano, Hawaii",earthquake,2.81,0.94,0.26,7,automatic,hv,hv
2018-06-25T01:49:12.810Z,19.4309998,-155.2963409,-1.11,2.93,ml,13,103,0.01111,0.2,hv,hv70316376,2018-06-25T03:19:29.466Z,"6km W of Volcano, Hawaii",earthquake,0.42,0.61,0.31,5,automatic,hv,hv
2018-06-25T01:45:24.470Z,19.4004993,-155.2489929,1.74,2.91,ml,20,103,0.01507,0.24,hv,hv70316361,2018-06-25T01:51:05.220Z,"3km SSW of Volcano, Hawaii",earthquake,0.43,0.51,0.47,8,automatic,hv,hv
